timestamp,ATTITUDE.time_boot_ms,ATTITUDE.roll,ATTITUDE.pitch,ATTITUDE.yaw,ATTITUDE.rollspeed,ATTITUDE.pitchspeed,ATTITUDE.yawspeed,SERVO_OUTPUT_RAW.time_usec,SERVO_OUTPUT_RAW.port,SERVO_OUTPUT_RAW.servo1_raw,SERVO_OUTPUT_RAW.servo2_raw,SERVO_OUTPUT_RAW.servo3_raw,SERVO_OUTPUT_RAW.servo4_raw,SERVO_OUTPUT_RAW.servo5_raw,SERVO_OUTPUT_RAW.servo6_raw,SERVO_OUTPUT_RAW.servo7_raw,SERVO_OUTPUT_RAW.servo8_raw,SERVO_OUTPUT_RAW.servo9_raw,SERVO_OUTPUT_RAW.servo10_raw,SERVO_OUTPUT_RAW.servo11_raw,SERVO_OUTPUT_RAW.servo12_raw,SERVO_OUTPUT_RAW.servo13_raw,SERVO_OUTPUT_RAW.servo14_raw,SERVO_OUTPUT_RAW.servo15_raw,SERVO_OUTPUT_RAW.servo16_raw,NAV_CONTROLLER_OUTPUT.nav_roll,NAV_CONTROLLER_OUTPUT.nav_pitch,NAV_CONTROLLER_OUTPUT.nav_bearing,NAV_CONTROLLER_OUTPUT.target_bearing,NAV_CONTROLLER_OUTPUT.wp_dist,NAV_CONTROLLER_OUTPUT.alt_error,NAV_CONTROLLER_OUTPUT.aspd_error,NAV_CONTROLLER_OUTPUT.xtrack_error
1634615637.85570383,,,,,,,,200753,0,1500,1500,1000,1500,1000,1000,1000,1000,0,0,0,0,0,0,0,0,,,,,,,,
1634615637.85867190,,,,,,,,221578,0,1500,1500,1000,1500,1000,1000,1000,1000,0,0,0,0,0,0,0,0,,,,,,,,
1634615637.85941982,,,,,,,,242403,0,1500,1500,1000,1500,1000,1000,1000,1000,0,0,0,0,0,0,0,0,,,,,,,,
1634615637.85983586,,,,,,,,263228,0,1500,1500,1000,1500,1000,1000,1000,1000,0,0,0,0,0,0,0,0,,,,,,,,
1634615637.86057591,,,,,,,,284053,0,1500,1500,1000,1500,1000,1000,1000,1000,0,0,0,0,0,0,0,0,,,,,,,,
1634615637.86093593,,,,,,,,304878,0,1500,1500,1000,1500,1000,1000,1000,1000,0,0,0,0,0,0,0,0,,,,,,,,
1634615637.86167192,,,,,,,,325703,0,1500,1500,1000,1500,1000,1000,1000,1000,0,0,0,0,0,0,0,0,,,,,,,,
1634615637.86204386,,,,,,,,346528,0,1500,1500,1000,1500,1000,1000,1000,1000,0,0,0,0,0,0,0,0,,,,,,,,
1634615637.86240387,,,,,,,,367353,0,1500,1500,1000,1500,1000,1000,1000,1000,0,0,0,0,0,0,0,0,,,,,,,,
1634615637.86289597,,,,,,,,388178,0,1500,1500,1000,1500,1000,1000,1000,1000,0,0,0,0,0,0,0,0,,,,,,,,
1634615637.86436391,,,,,,,,409003,0,1500,1500,1000,1500,1000,1000,1000,1000,0,0,0,0,0,0,0,0,,,,,,,,
1634615637.86528802,,,,,,,,429828,0,1500,1500,1000,1500,1000,1000,1000,1000,0,0,0,0,0,0,0,0,,,,,,,,
1634615637.86567593,,,,,,,,450653,0,1500,1500,1000,1500,1000,1000,1000,1000,0,0,0,0,0,0,0,0,,,,,,,,
1634615637.86632800,,,,,,,,471478,0,1500,1500,1000,1500,1000,1000,1000,1000,0,0,0,0,0,0,0,0,,,,,,,,
1634615637.86694789,,,,,,,,492303,0,1500,1500,1000,1500,1000,1000,1000,1000,0,0,0,0,0,0,0,0,,,,,,,,
1634615637.86744785,,,,,,,,513128,0,1500,1500,1000,1500,1000,1000,1000,1000,0,0,0,0,0,0,0,0,,,,,,,,
1634615637.86782789,,,,,,,,533953,0,1500,1500,1000,1500,1000,1000,1000,1000,0,0,0,0,0,0,0,0,,,,,,,,
1634615637.86818790,,,,,,,,554778,0,1500,1500,1000,1500,1000,1000,1000,1000,0,0,0,0,0,0,0,0,,,,,,,,
1634615637.86868382,,,,,,,,575603,0,1500,1500,1000,1500,1000,1000,1000,1000,0,0,0,0,0,0,0,0,,,,,,,,
1634615637.86904383,,,,,,,,596428,0,1500,1500,1000,1500,1000,1000,1000,1000,0,0,0,0,0,0,0,0,,,,,,,,
1634615637.86942792,,,,,,,,617253,0,1500,1500,1000,1500,1000,1000,1000,1000,0,0,0,0,0,0,0,0,,,,,,,,
1634615637.86990786,,,,,,,,638078,0,1500,1500,1000,1500,1000,1000,1000,1000,0,0,0,0,0,0,0,0,,,,,,,,
1634615637.87026787,,,,,,,,658903,0,1500,1500,1000,1500,1000,1000,1000,1000,0,0,0,0,0,0,0,0,,,,,,,,
1634615637.87081599,,,,,,,,679728,0,1500,1500,1000,1500,1000,1000,1000,1000,0,0,0,0,0,0,0,0,,,,,,,,
1634615637.87138796,,,,,,,,700553,0,1500,1500,1000,1500,1000,1000,1000,1000,0,0,0,0,0,0,0,0,,,,,,,,
1634615637.87173986,,,,,,,,721378,0,1500,1500,1000,1500,1000,1000,1000,1000,0,0,0,0,0,0,0,0,,,,,,,,
1634615637.87217999,,,,,,,,742203,0,1500,1500,1000,1500,1000,1000,1000,1000,0,0,0,0,0,0,0,0,,,,,,,,
1634615637.87268782,,,,,,,,763028,0,1500,1500,1000,1500,1000,1000,1000,1000,0,0,0,0,0,0,0,0,,,,,,,,
1634615637.87307596,,,,,,,,783853,0,1500,1500,1000,1500,1000,1000,1000,1000,0,0,0,0,0,0,0,0,,,,,,,,
1634615637.87345600,,,,,,,,804678,0,1500,1500,1000,1500,1000,1000,1000,1000,0,0,0,0,0,0,0,0,,,,,,,,
1634615637.87399197,,,,,,,,825503,0,1500,1500,1000,1500,1000,1000,1000,1000,0,0,0,0,0,0,0,0,,,,,,,,
1634615637.87437201,,,,,,,,846328,0,1500,1500,1000,1500,1000,1000,1000,1000,0,0,0,0,0,0,0,0,,,,,,,,
1634615637.87479997,,,,,,,,867153,0,1500,1500,1000,1500,1000,1000,1000,1000,0,0,0,0,0,0,0,0,,,,,,,,
1634615637.87539601,,,,,,,,887978,0,1500,1500,1000,1500,1000,1000,1000,1000,0,0,0,0,0,0,0,0,,,,,,,,
1634615637.87583184,,,,,,,,908803,0,1500,1500,1000,1500,1000,1000,1000,1000,0,0,0,0,0,0,0,0,,,,,,,,
1634615637.87633991,,,,,,,,929628,0,1500,1500,1000,1500,1000,1000,1000,1000,0,0,0,0,0,0,0,0,,,,,,,,
1634615637.87701201,,,,,,,,950453,0,1500,1500,1000,1500,1000,1000,1000,1000,0,0,0,0,0,0,0,0,,,,,,,,
1634615637.87743187,,,,,,,,971278,0,1500,1500,1000,1500,1000,1000,1000,1000,0,0,0,0,0,0,0,0,,,,,,,,
1634615637.87782001,,,,,,,,992103,0,1500,1500,1000,1500,1000,1000,1000,1000,0,0,0,0,0,0,0,0,,,,,,,,
1634615637.87831998,,,,,,,,1012928,0,1500,1500,1000,1500,1000,1000,1000,1000,0,0,0,0,0,0,0,0,,,,,,,,
1634615637.87872005,,,,,,,,1033753,0,1500,1500,1000,1500,1000,1000,1000,1000,0,0,0,0,0,0,0,0,,,,,,,,
1634615637.88340783,,,,,,,,1054578,0,1500,1500,1000,1500,1000,1000,1000,1000,0,0,0,0,0,0,0,0,,,,,,,,
1634615637.88377595,,,,,,,,1075403,0,1500,1500,1000,1500,1000,1000,1000,1000,0,0,0,0,0,0,0,0,,,,,,,,
1634615637.88417196,,,,,,,,1096228,0,1500,1500,1000,1500,1000,1000,1000,1000,0,0,0,0,0,0,0,0,,,,,,,,
1634615637.88471198,,,,,,,,1117053,0,1500,1500,1000,1500,1000,1000,1000,1000,0,0,0,0,0,0,0,0,,,,,,,,
1634615637.88509583,,,,,,,,1137878,0,1500,1500,1000,1500,1000,1000,1000,1000,0,0,0,0,0,0,0,0,,,,,,,,
1634615637.88544798,,,,,,,,1158703,0,1500,1500,1000,1500,1000,1000,1000,1000,0,0,0,0,0,0,0,0,,,,,,,,
1634615637.88595581,,,,,,,,1179528,0,1500,1500,1000,1500,1000,1000,1000,1000,0,0,0,0,0,0,0,0,,,,,,,,
1634615637.88631582,,,,,,,,1200353,0,1500,1500,1000,1500,1000,1000,1000,1000,0,0,0,0,0,0,0,0,,,,,,,,
1634615637.88706398,,,,,,,,1221178,0,1500,1500,1000,1500,1000,1000,1000,1000,0,0,0,0,0,0,0,0,,,,,,,,
1634615637.88743591,,,,,,,,1242003,0,1500,1500,1000,1500,1000,1000,1000,1000,0,0,0,0,0,0,0,0,,,,,,,,
1634615637.88782001,,,,,,,,1262828,0,1500,1500,1000,1500,1000,1000,1000,1000,0,0,0,0,0,0,0,0,,,,,,,,
1634615637.88828397,,,,,,,,1283653,0,1500,1500,1000,1500,1000,1000,1000,1000,0,0,0,0,0,0,0,0,,,,,,,,
1634615637.88882399,,,,,,,,1304478,0,1500,1500,1000,1500,1000,1000,1000,1000,0,0,0,0,0,0,0,0,,,,,,,,
1634615637.88980389,,,,,,,,1325303,0,1500,1500,1000,1500,1000,1000,1000,1000,0,0,0,0,0,0,0,0,,,,,,,,
1634615637.89029598,,,,,,,,1346128,0,1500,1500,1000,1500,1000,1000,1000,1000,0,0,0,0,0,0,0,0,,,,,,,,
1634615637.89103198,,,,,,,,1366953,0,1500,1500,1000,1500,1000,1000,1000,1000,0,0,0,0,0,0,0,0,,,,,,,,
1634615637.89152384,,,,,,,,1387778,0,1500,1500,1000,1500,1000,1000,1000,1000,0,0,0,0,0,0,0,0,,,,,,,,
1634615637.89194393,,,,,,,,1408603,0,1500,1500,1000,1500,1000,1000,1000,1000,0,0,0,0,0,0,0,0,,,,,,,,
1634615637.89260387,,,,,,,,1429428,0,1500,1500,1000,1500,1000,1000,1000,1000,0,0,0,0,0,0,0,0,,,,,,,,
1634615637.89313197,,,,,,,,1450253,0,1500,1500,1000,1500,1000,1000,1000,1000,0,0,0,0,0,0,0,0,,,,,,,,
1634615637.89357996,,,,,,,,1471078,0,1500,1500,1000,1500,1000,1000,1000,1000,0,0,0,0,0,0,0,0,,,,,,,,
1634615637.89416790,,,,,,,,1491903,0,1500,1500,1000,1500,1000,1000,1000,1000,0,0,0,0,0,0,0,0,,,,,,,,
1634615637.89464402,,,,,,,,1512728,0,1500,1500,1000,1500,1000,1000,1000,1000,0,0,0,0,0,0,0,0,,,,,,,,
1634615637.89515185,,,,,,,,1533553,0,1500,1500,1000,1500,1000,1000,1000,1000,0,0,0,0,0,0,0,0,,,,,,,,
1634615637.89595985,,,,,,,,1554378,0,1500,1500,1000,1500,1000,1000,1000,1000,0,0,0,0,0,0,0,0,,,,,,,,
1634615637.89640403,,,,,,,,1575203,0,1500,1500,1000,1500,1000,1000,1000,1000,0,0,0,0,0,0,0,0,,,,,,,,
1634615637.89682794,,,,,,,,1596028,0,1500,1500,1000,1500,1000,1000,1000,1000,0,0,0,0,0,0,0,0,,,,,,,,
1634615637.89750004,,,,,,,,1616853,0,1500,1500,1000,1500,1000,1000,1000,1000,0,0,0,0,0,0,0,0,,,,,,,,
1634615637.89787984,,,,,,,,1637678,0,1500,1500,1000,1500,1000,1000,1000,1000,0,0,0,0,0,0,0,0,,,,,,,,
1634615637.89832783,,,,,,,,1658503,0,1500,1500,1000,1500,1000,1000,1000,1000,0,0,0,0,0,0,0,0,,,,,,,,
1634615637.89903593,,,,,,,,1679328,0,1500,1500,1000,1500,1000,1000,1000,1000,0,0,0,0,0,0,0,0,,,,,,,,
1634615637.89957190,,,,,,,,1700153,0,1500,1500,1000,1500,1000,1000,1000,1000,0,0,0,0,0,0,0,0,,,,,,,,
1634615637.90355587,1800,-0.00037689044256694615,8.424223779002205e-05,8.287303899123799e-06,-2.237020271422807e-05,-8.291758422274143e-05,5.721473280573264e-05,,,,,,,,,,,,,,,,,,,,,,,,,,
1634615637.90676785,,,,,,,,1800946,0,1500,1500,1000,1500,0,0,0,0,0,0,0,0,0,0,0,0,,,,,,,,
1634615637.91597986,2040,-0.0001827749947551638,-0.0009408541955053806,-0.34230899810791016,1.5588053429382853e-05,0.00010051373828900978,9.353439236292616e-05,,,,,,,,,,,,,,,,,,,,,,,,,,
1634615637.91922784,,,,,,,,2040850,0,1500,1500,1000,1500,0,0,0,0,0,0,0,0,0,0,0,0,,,,,,,,
1634615637.92698002,2300,2.4691265934961848e-05,-0.003564207348972559,-0.3419291377067566,-4.3729523895308375e-05,-2.0003328700113343e-06,3.6032404750585556e-05,,,,,,,,,,,,,,,,,,,,,,,,,,
1634615637.92981982,,,,,,,,2300746,0,1500,1500,1000,1500,0,0,0,0,0,0,0,0,0,0,0,0,,,,,,,,
1634615638.08491182,2540,0.00016001689073164016,-0.0032380162738263607,-0.3415062129497528,-7.804278720868751e-05,4.718772106571123e-05,4.839991106564412e-06,,,,,,,,,,,,,,,,,,,,,,,,,,
1634615638.08984804,,,,,,,,2540650,0,1500,1500,1000,1500,0,0,0,0,0,0,0,0,0,0,0,0,,,,,,,,
1634615638.34748793,2800,0.00023793010041117668,-0.0020646355114877224,-0.3414209485054016,7.762652239762247e-05,8.134902600431815e-06,6.573848077096045e-05,,,,,,,,,,,,,,,,,,,,,,,,,,
1634615638.35042381,,,,,,,,2800546,0,1500,1500,1000,1500,0,0,0,0,0,0,0,0,0,0,0,0,,,,,,,,
1634615638.58705592,3040,0.000247656338615343,-0.0008361221407540143,-0.3416597843170166,0.0001752457901602611,0.00014571224164683372,8.993248047772795e-05,,,,,,,,,,,,,,,,,,,,,,,,,,
1634615638.58967996,,,,,,,,3040450,0,1500,1500,1000,1500,0,0,0,0,0,0,0,0,0,0,0,0,,,,,,,,
1634615638.84956789,3300,0.00022586164413951337,0.00013482818030752242,-0.3421172499656677,0.00017421954544261098,0.0001237561518792063,-2.3153683287091553e-05,,,,,,,,,,,,,,,,,,,,,,,,,,
1634615638.85267186,,,,,,,,3300346,0,1500,1500,1000,1500,0,0,0,0,0,0,0,0,0,0,0,0,,,,,,,,
1634615639.64699197,4100,0.00011484698916319758,0.00027303153183311224,-0.3431345522403717,-7.322394594666548e-06,0.00016740296268835664,0.00015349556633736938,,,,,,,,,,,,,,,,,,,,,,,,,,
1634615639.64995193,,,,,,,,4100859,0,1500,1500,1000,1500,0,0,0,0,0,0,0,0,0,0,0,0,,,,,,,,
1634615639.90771198,4360,0.00012783291458617896,4.8489513574168086e-05,-0.3432121276855469,5.330165322448011e-07,6.540268805110827e-05,5.5569300457136706e-05,,,,,,,,,,,,,,,,,,,,,,,,,,
1634615639.91152382,,,,,,,,4360755,0,1500,1500,1000,1500,0,0,0,0,0,0,0,0,0,0,0,0,,,,,,,,
1634615640.14523602,4600,0.00014682827168144286,-0.00010070787539007142,-0.34322458505630493,-1.830689870985225e-05,0.0001272571535082534,2.0600218704203144e-05,,,,,,,,,,,,,,,,,,,,,,,,,,
1634615640.14843202,,,,,,,,4600659,0,1500,1500,1000,1500,0,0,0,0,0,0,0,0,0,0,0,0,,,,,,,,
1634615640.41007590,4860,0.00016459527250844985,-0.00015954150876495987,-0.34320467710494995,5.954354128334671e-05,6.374798249453306e-05,0.00014855997869744897,,,,,,,,,,,,,,,,,,,,,,,,,,
1634615640.41446781,,,,,,,,4860555,0,1500,1500,1000,1500,0,0,0,0,0,0,0,0,0,0,0,0,,,,,,,,
1634615640.65028381,5100,0.00016951125871855766,-0.00016426188813056797,-0.3431895971298218,0.00015632879512850195,0.00010734065290307626,6.057455902919173e-05,,,,,,,,,,,,,,,,,,,,,,,,,,
1634615640.65370393,,,,,,,,5100459,0,1500,1500,1000,1500,0,0,0,0,0,0,0,0,0,0,0,0,,,,,,,,
1634615640.90980792,5360,0.00016071002755779773,-0.00013688841136172414,-0.3431907296180725,-4.334003733674763e-06,0.00013064243830740452,-4.684827945311554e-05,,,,,,,,,,,,,,,,,,,,,,,,,,
1634615640.91282392,,,,,,,,5360355,0,1500,1500,1000,1500,0,0,0,0,0,0,0,0,0,0,0,0,,,,,,,,
1634615641.14830804,5600,0.00014884539996273816,-0.00010479392949491739,-0.34318846464157104,5.471421900438145e-05,2.846445386239793e-05,0.00017023908731061965,,,,,,,,,,,,,,,,,,,,,,,,,,
1634615641.15104795,,,,,,,,5600259,0,1500,1500,1000,1500,0,0,0,0,0,0,0,0,0,0,0,0,,,,,,,,
1634615641.40817595,5860,0.00013224036956671625,-6.0093447245890275e-05,-0.3431846499443054,-1.1670544154185336e-05,0.00016587569552939385,2.9176404495956376e-05,,,,,,,,,,,,,,,,,,,,,,,,,,
1634615641.41176796,,,,,,,,5860155,0,1500,1500,1000,1500,0,0,0,0,0,0,0,0,0,0,0,0,,,,,,,,
1634615641.64932394,6100,0.0001245348685188219,-3.439151623751968e-05,-0.3431887626647949,0.0001549897133372724,9.993889761972241e-06,-5.353590313461609e-05,,,,,,,,,,,,,,,,,,,,,,,,,,
1634615641.65206790,,,,,,,,6100892,0,1500,1500,1000,1500,0,0,0,0,0,0,0,0,0,0,0,0,,,,,,,,
1634615641.90704799,6360,0.00014994954108260572,-1.681461071711965e-05,-0.3431921601295471,1.368837729387451e-05,0.00016351233352907002,-8.66051996126771e-05,,,,,,,,,,,,,,,,,,,,,,,,,,
1634615641.91034389,,,,,,,,6360788,0,1500,1500,1000,1500,0,0,0,0,0,0,0,0,0,0,0,0,,,,,,,,
1634615642.15020800,6600,0.00019738866831175983,-1.3866960216546431e-05,-0.3432050943374634,8.585385512560606e-05,0.00015730895393062383,0.00023254452389664948,,,,,,,,,,,,,,,,,,,,,,,,,,
1634615642.15253592,,,,,,,,6600692,0,1500,1500,1000,1500,0,0,0,0,0,0,0,0,0,0,0,0,,,,,,,,
1634615642.40771198,6860,0.0002263853239128366,-2.9212683330115397e-06,-0.3432598412036896,0.00019739201525226235,8.472932677250355e-05,9.461208537686616e-05,,,,,,,,,,,,,,,,,,,,,,,,,,
1634615642.41105604,,,,,,,,6860588,0,1500,1500,1000,1500,0,0,0,0,0,0,0,0,0,0,0,0,,,,,,,,
1634615642.64845991,7100,0.00022390586673282087,2.7402493287809193e-06,-0.3432990312576294,0.00014506229490507394,-2.414856498944573e-05,0.0001104112234315835,,,,,,,,,,,,,,,,,,,,,,,,,,
1634615642.65127182,,,,,,,,7100492,0,1500,1500,1000,1500,0,0,0,0,0,0,0,0,0,0,0,0,,,,,,,,
1634615642.90579987,7360,0.00022902528871782124,2.4100809241645038e-05,-0.343332976102829,7.023911166470498e-05,8.049413736443967e-05,0.00014135974925011396,,,,,,,,,,,,,,,,,,,,,,,,,,
1634615642.90897202,,,,,,,,7360388,0,1500,1500,1000,1500,0,0,0,0,0,0,0,0,0,0,0,0,,,,,,,,
1634615643.14517188,7600,0.00022075831657275558,2.4752524041105062e-05,-0.3433608412742615,-3.274116534157656e-05,0.00011487574374768883,8.295874431496486e-05,,,,,,,,,,,,,,,,,,,,,,,,,,
1634615643.14918804,,,,,,,,7600292,0,1500,1500,1000,1500,0,0,0,0,0,0,0,0,0,0,0,0,,,,,,,,
1634615643.40484381,7860,0.00021136309078428894,-1.1410411389078945e-05,-0.34337201714515686,0.0002050308248726651,6.653591844951734e-05,6.157799361972138e-05,,,,,,,,,,,,,,,,,,,,,,,,,,
1634615643.40774393,,,,,,,,7860188,0,1500,1500,1000,1500,0,0,0,0,0,0,0,0,0,0,0,0,,,,,,,,
1634615643.64641190,8100,0.0001838329335441813,-7.345101948885713e-06,-0.34335577487945557,5.559057535720058e-05,0.00015103632176760584,0.00016127596609294415,,,,,,,,,,,,,,,,,,,,,,,,,,
1634615643.64820385,,,,,,,,8100925,0,1500,1500,1000,1500,0,0,0,0,0,0,0,0,0,0,0,0,,,,,,,,
1634615643.90729594,8360,0.0001799123565433547,-1.306136528000934e-05,-0.27856355905532837,0.00011530841584317386,0.0001337449939455837,-2.407586362096481e-05,,,,,,,,,,,,,,,,,,,,,,,,,,
1634615643.91000795,,,,,,,,8360821,0,1500,1500,1000,1500,0,0,0,0,0,0,0,0,0,0,0,0,,,,,,,,
1634615644.14811993,8600,0.00018073277897201478,-2.6673376851249486e-05,-0.23267599940299988,0.000240758279687725,8.943788998294622e-08,6.442510493798181e-05,,,,,,,,,,,,,,,,,,,,,,,,,,
1634615644.15077186,,,,,,,,8600725,0,1500,1500,1000,1500,0,0,0,0,0,0,0,0,0,0,0,0,,,,,,,,
1634615644.41025186,8860,0.00018093132530339062,-1.909469392558094e-05,-0.1979762613773346,0.00020393838349264115,0.000288846786133945,0.00012288830475881696,,,,,,,,,,,,,,,,,,,,,,,,,,
1634615644.41294789,,,,,,,,8860621,0,1500,1500,1000,1500,0,0,0,0,0,0,0,0,0,0,0,0,,,,,,,,
1634615644.64712000,9100,0.00019452371634542942,-8.842613169690594e-06,-0.17571982741355896,0.00020902123651467264,0.0001426423987140879,0.00019832627731375396,,,,,,,,,,,,,,,,,,,,,,,,,,
1634615644.65048385,,,,,,,,9100525,0,1500,1500,1000,1500,0,0,0,0,0,0,0,0,0,0,0,0,,,,,,,,
1634615644.90969586,9360,0.000212143175303936,-8.77501406648662e-06,-0.158944770693779,0.0003322047123219818,-8.554720261599869e-05,0.00016056624008342624,,,,,,,,,,,,,,,,,,,,,,,,,,
1634615644.91254401,,,,,,,,9360421,0,1500,1500,1000,1500,0,0,0,0,0,0,0,0,0,0,0,0,,,,,,,,
1634615645.14858794,9600,0.00020826874242629856,-8.300439731101505e-06,-0.14821061491966248,0.00022963155061006546,0.00022193814220372587,6.64938852423802e-05,,,,,,,,,,,,,,,,,,,,,,,,,,
1634615645.15133190,,,,,,,,9600325,0,1500,1500,1000,1500,0,0,0,0,0,0,0,0,0,0,0,0,,,,,,,,
1634615645.40681195,9860,0.00020786358800251037,-2.1828163880854845e-05,-0.1401107758283615,0.0002515844244044274,9.778738603927195e-05,3.783468127949163e-05,,,,,,,,,,,,,,,,,,,,,,,,,,
1634615645.40966392,,,,,,,,9860221,0,1500,1500,1000,1500,0,0,0,0,0,0,0,0,0,0,0,0,,,,,,,,
1634615645.65074801,10100,0.00020607847545761615,-1.6092420992208645e-05,-0.13489480316638947,8.60277796164155e-05,0.00025807454949244857,4.673438161262311e-05,,,,,,,,,,,,,,,,,,,,,,,,,,
1634615645.65353203,,,,,,,,10100958,0,1500,1500,1000,1500,0,0,0,0,0,0,0,0,0,0,0,0,,,,,,,,
1634615645.90899181,10360,0.0002138449199264869,5.9474032241269015e-06,-0.13099373877048492,0.00023299628810491413,0.00020598061382770538,8.044649439398199e-05,,,,,,,,,,,,,,,,,,,,,,,,,,
1634615645.91190386,,,,,,,,10360854,0,1500,1500,1000,1500,0,0,0,0,0,0,0,0,0,0,0,0,,,,,,,,
1634615646.14590383,10600,0.00023104441061150283,1.7531425328343175e-05,-0.12849293649196625,0.0002385438565397635,0.00013733420928474516,0.0001165430512628518,,,,,,,,,,,,,,,,,,,,,,,,,,
1634615646.14875197,,,,,,,,10600758,0,1500,1500,1000,1500,0,0,0,0,0,0,0,0,0,0,0,0,,,,,,,,
1634615646.41046000,10860,0.0002248219825560227,5.3986423154128715e-06,-0.12661562860012054,0.00015784704010002315,0.00012612361751962453,0.00025487542734481394,,,,,,,,,,,,,,,,,,,,,,,,,,
1634615646.41329193,,,,,,,,10860654,0,1500,1500,1000,1500,0,0,0,0,0,0,0,0,0,0,0,0,,,,,,,,
1634615646.64634395,11100,0.0002310691779712215,-7.275699317688122e-06,-0.12541070580482483,0.00024191632110159844,0.0001124767295550555,0.00013570417650043964,,,,,,,,,,,,,,,,,,,,,,,,,,
1634615646.64938784,,,,,,,,11100558,0,1500,1500,1000,1500,0,0,0,0,0,0,0,0,0,0,0,0,,,,,,,,
1634615646.90809989,11360,0.0002268445969093591,-1.0522582670091651e-05,-0.12450580298900604,0.00021323584951460361,0.00020598208357114345,0.00011133574298582971,,,,,,,,,,,,,,,,,,,,,,,,,,
1634615646.91175199,,,,,,,,11360454,0,1500,1500,1000,1500,0,0,0,0,0,0,0,0,0,0,0,0,,,,,,,,
1634615647.14877582,11600,0.00021931561059318483,-1.5892826922936365e-05,-0.12392047792673111,0.00027594255516305566,0.00024052699154708534,8.722102938918397e-05,,,,,,,,,,,,,,,,,,,,,,,,,,
1634615647.15155983,,,,,,,,11600358,0,1500,1500,1000,1500,0,0,0,0,0,0,0,0,0,0,0,0,,,,,,,,
1634615647.40855193,11860,0.00021492164523806423,-5.3022463362140115e-06,-0.12332025915384293,7.052159344311804e-05,5.416368367150426e-05,0.0010174483759328723,,,,,,,,,,,,,,,,,,,,,,,,,,
1634615647.41131997,,,,,,,,11860254,0,1500,1500,1000,1500,0,0,0,0,0,0,0,0,0,0,0,0,,,,,,,,
1634615647.64608002,12100,0.0002174238470615819,-5.572946975007653e-06,-0.12291759997606277,0.000150842999573797,9.044814942171797e-05,0.0010751824593171477,,,,,,,,,,,,,,,,,,,,,,,,,,
1634615647.64879203,,,,,,,,12100158,0,1500,1500,1000,1500,0,0,0,0,0,0,0,0,0,0,0,0,,,,,,,,
1634615647.91005588,12360,0.00023323902860283852,7.585394996567629e-06,-0.12262305617332458,0.00019821751629933715,0.00011096974776592106,0.000827711308375001,,,,,,,,,,,,,,,,,,,,,,,,,,
1634615647.91335583,,,,,,,,12360887,0,1500,1500,1000,1500,0,0,0,0,0,0,0,0,0,0,0,0,,,,,,,,
1634615648.14685202,12600,0.0002366166008869186,1.4822607226960827e-05,-0.12244126945734024,0.00023229149519465864,0.00012172663264209405,0.0010889280820265412,,,,,,,,,,,,,,,,,,,,,,,,,,
1634615648.14951992,,,,,,,,12600791,0,1500,1500,1000,1500,0,0,0,0,0,0,0,0,0,0,0,0,,,,,,,,
1634615648.40951991,12860,0.0002477671660017222,9.61174737312831e-06,-0.12230192869901657,0.0003123638452962041,0.00014492990158032626,0.0009595006704330444,,,,,,,,,,,,,,,,,,,,,,,,,,
1634615648.41262388,,,,,,,,12860687,0,1500,1500,1000,1500,0,0,0,0,0,0,0,0,0,0,0,0,,,,,,,,
1634615648.64768386,13100,0.00025324380840174854,-4.332927801442565e-06,-0.12221693992614746,0.00013130159641150385,0.00017920134996529669,0.0008192061795853078,,,,,,,,,,,,,,,,,,,,,,,,,,
1634615648.65118790,,,,,,,,13100591,0,1500,1500,1000,1500,0,0,0,0,0,0,0,0,0,0,0,0,,,,,,,,
1634615648.90981197,13360,0.0002416177449049428,-6.931205120963568e-07,-0.12215568870306015,0.00012608421093318611,0.00016428605886176229,0.00098346546292305,,,,,,,,,,,,,,,,,,,,,,,,,,
1634615648.91254783,,,,,,,,13360487,0,1500,1500,1000,1500,0,0,0,0,0,0,0,0,0,0,0,0,,,,,,,,
1634615649.14567184,13600,0.00022855156566947699,7.723125236225314e-06,-0.12210754305124283,0.00031666862196289003,0.00021470036881510168,0.0010138193611055613,,,,,,,,,,,,,,,,,,,,,,,,,,
1634615649.14838004,,,,,,,,13600391,0,1500,1500,1000,1500,0,0,0,0,0,0,0,0,0,0,0,0,,,,,,,,
1634615649.41039586,13860,0.0002259856992168352,1.4846833437331952e-05,-0.12205957621335983,7.173819903982803e-05,7.570563320768997e-05,0.0010363159235566854,,,,,,,,,,,,,,,,,,,,,,,,,,
1634615649.41353583,,,,,,,,13860287,0,1500,1500,1000,1500,0,0,0,0,0,0,0,0,0,0,0,0,,,,,,,,
1634615649.64957595,14100,0.000226000469410792,3.280930104665458e-05,-0.122035913169384,0.00018242787336930633,0.00023763276112731546,0.0009286663262173533,,,,,,,,,,,,,,,,,,,,,,,,,,
1634615649.65230393,,,,,,,,14100191,0,1500,1500,1000,1500,0,0,0,0,0,0,0,0,0,0,0,0,,,,,,,,
1634615649.90777183,14360,0.00023024794063530862,3.464018664089963e-05,-0.12202855944633484,0.00019708616309799254,0.00021445135644171387,0.0007903592195361853,,,,,,,,,,,,,,,,,,,,,,,,,,
1634615649.91056800,,,,,,,,14360920,0,1500,1500,1000,1500,0,0,0,0,0,0,0,0,0,0,0,0,,,,,,,,
1634615650.15130401,14600,0.00023568933829665184,4.599846579367295e-05,-0.12200266122817993,0.00018391340563539416,0.0002813807222992182,0.0009290563757531345,,,,,,,,,,,,,,,,,,,,,,,,,,
1634615650.15392804,,,,,,,,14600824,0,1500,1500,1000,1500,0,0,0,0,0,0,0,0,0,0,0,0,,,,,,,,
1634615650.41015601,14860,0.00024059311544988304,8.322059875354171e-05,-0.12201879173517227,0.00024864322040230036,0.0003251032321713865,0.0009195589809678495,,,,,,,,,,,,,,,,,,,,,,,,,,
1634615650.41273594,,,,,,,,14860720,0,1500,1500,1000,1500,0,0,0,0,0,0,0,0,0,0,0,0,,,,,,,,
1634615650.65125990,15100,0.0002456507063470781,8.118984260363504e-05,-0.12203339487314224,0.00013479018525686115,0.00011877049837494269,0.000876639736816287,,,,,,,,,,,,,,,,,,,,,,,,,,
1634615650.65388393,,,,,,,,15100624,0,1500,1500,1000,1500,0,0,0,0,0,0,0,0,0,0,0,0,,,,,,,,
1634615650.90665984,15360,0.00024550623493269086,5.679106470779516e-05,-0.12203650921583176,0.0002745036326814443,0.0002333575248485431,0.0010197621304541826,,,,,,,,,,,,,,,,,,,,,,,,,,
1634615650.90926790,,,,,,,,15360520,0,1500,1500,1000,1500,0,0,0,0,0,0,0,0,0,0,0,0,,,,,,,,
1634615651.15001202,15600,0.0002502949209883809,5.42754351045005e-05,-0.12203377485275269,0.00023824810341466218,0.00022181660460773855,0.0009784912690520287,,,,,,,,,,,,,,,,,,,,,,,,,,
1634615651.15280795,,,,,,,,15600424,0,1500,1500,1000,1500,0,0,0,0,0,0,0,0,0,0,0,0,,,,,,,,
1634615651.40647602,15860,0.00025537062902003527,5.238697485765442e-05,-0.12202818691730499,0.0002346881083212793,0.00027295947074890137,0.0009505318012088537,,,,,,,,,,,,,,,,,,,,,,,,,,
1634615651.40985584,,,,,,,,15860320,0,1500,1500,1000,1500,0,0,0,0,0,0,0,0,0,0,0,0,,,,,,,,
1634615651.64651990,16100,0.000244097231188789,4.59286748082377e-05,-0.12202687561511993,0.000178552683792077,3.517182631185278e-05,0.0008530420600436628,,,,,,,,,,,,,,,,,,,,,,,,,,
1634615651.64924383,,,,,,,,16100224,0,1500,1500,1000,1500,0,0,0,0,0,0,0,0,0,0,0,0,,,,,,,,
1634615651.91567588,16360,0.00023711136600468308,3.7653437175322324e-05,-0.12201936542987823,0.00012193850125186145,0.00027581973699852824,0.0009807416936382651,,,,,,,,,,,,,,,,,,,,,,,,,,
1634615651.91897583,,,,,,,,16360953,0,1500,1500,1000,1500,0,0,0,0,0,0,0,0,0,0,0,0,,,,,,,,
1634615652.14947200,16600,0.000241469286265783,2.6091358449775726e-05,-0.12200652062892914,0.0002237548033008352,0.0002871883334591985,0.0010362931061536074,,,,,,,,,,,,,,,,,,,,,,,,,,
1634615652.15271592,,,,,,,,16600857,0,1500,1500,1000,1500,0,0,0,0,0,0,0,0,0,0,0,0,,,,,,,,
1634615652.40623593,16860,0.0002513789222575724,4.1213712393073365e-05,-0.12201894819736481,0.0002756550966296345,0.00016313596279360354,0.0008568369667045772,,,,,,,,,,,,,,,,,,,,,,,,,,
1634615652.40798783,,,,,,,,16860753,0,1500,1500,1000,1500,0,0,0,0,0,0,0,0,0,0,0,0,,,,,,,,
1634615652.64885592,17100,0.00024410300829913467,6.92410467308946e-05,-0.12202148139476776,0.0003062755858991295,0.00037217666977085173,0.0009266127017326653,,,,,,,,,,,,,,,,,,,,,,,,,,
1634615652.65195990,,,,,,,,17100657,0,1500,1500,1000,1500,0,0,0,0,0,0,0,0,0,0,0,0,,,,,,,,
1634615652.90786386,17360,0.0002527040778659284,9.869609493762255e-05,-0.12202121317386627,0.00034028259688057005,0.00033770097070373595,0.0009281576494686306,,,,,,,,,,,,,,,,,,,,,,,,,,
1634615652.91064787,,,,,,,,17360553,0,1500,1500,1000,1500,0,0,0,0,0,0,0,0,0,0,0,0,,,,,,,,
1634615653.14840794,17600,0.0002750617859419435,9.997814777307212e-05,-0.12203866988420486,0.0002014434285229072,0.00023842384689487517,0.0008545825839973986,,,,,,,,,,,,,,,,,,,,,,,,,,
1634615653.15189600,,,,,,,,17600457,0,1500,1500,1000,1500,0,0,0,0,0,0,0,0,0,0,0,0,,,,,,,,
1634615653.40746403,17860,0.0002901061961892992,8.830584556562826e-05,-0.12207455188035965,0.00025551978615112603,0.00013454671716317534,0.0009153778082691133,,,,,,,,,,,,,,,,,,,,,,,,,,
1634615653.41104388,,,,,,,,17860353,0,1500,1500,1000,1500,0,0,0,0,0,0,0,0,0,0,0,0,,,,,,,,
1634615653.64601183,18100,0.000299830106087029,6.815706728957593e-05,-0.12209352105855942,0.00025066372472792864,0.00028157077031210065,0.0009354786016047001,,,,,,,,,,,,,,,,,,,,,,,,,,
1634615653.64875197,,,,,,,,18100257,0,1500,1500,1000,1500,0,0,0,0,0,0,0,0,0,0,0,0,,,,,,,,
1634615653.90693998,18360,0.0003075501008424908,3.392418511793949e-05,-0.12211170792579651,0.00012381574197206646,0.00011552848445717245,0.0009471786324866116,,,,,,,,,,,,,,,,,,,,,,,,,,
1634615653.90962791,,,,,,,,18360153,0,1500,1500,1000,1500,0,0,0,0,0,0,0,0,0,0,0,0,,,,,,,,
1634615654.14840388,18600,0.00028617942007258534,1.9828938093269244e-05,-0.12211683392524719,0.00027232710272073746,0.0002543458831496537,0.0009601952042430639,,,,,,,,,,,,,,,,,,,,,,,,,,
1634615654.15146804,,,,,,,,18600890,0,1500,1500,1000,1500,0,0,0,0,0,0,0,0,0,0,0,0,,,,,,,,
1634615654.41142392,18860,0.0002894483332056552,3.127367017441429e-05,-0.12209726125001907,0.00023617259284947067,0.00032719215960241854,0.000955715193413198,,,,,,,,,,,,,,,,,,,,,,,,,,
1634615654.41438389,,,,,,,,18860786,0,1500,1500,1000,1500,0,0,0,0,0,0,0,0,0,0,0,0,,,,,,,,
1634615654.65126801,19100,0.0002787830599118024,4.641887790057808e-05,-0.12209957838058472,0.0004391523252706975,0.00011762042413465679,0.0008219395531341434,,,,,,,,,,,,,,,,,,,,,,,,,,
1634615654.65439200,,,,,,,,19100690,0,1500,1500,1000,1500,0,0,0,0,0,0,0,0,0,0,0,0,,,,,,,,
1634615654.90919185,19360,0.0002778249909169972,5.952559149591252e-05,-0.12209317833185196,0.0003788028552662581,0.0002601775049697608,0.0011245266068726778,,,,,,,,,,,,,,,,,,,,,,,,,,
1634615654.91242003,,,,,,,,19360586,0,1500,1500,1000,1500,0,0,0,0,0,0,0,0,0,0,0,0,,,,,,,,
1634615655.14908385,19600,0.0003266451240051538,9.603047510609031e-05,-0.12207984179258347,0.0002122591104125604,0.00015765413991175592,0.00020598783157765865,,,,,,,,,,,,,,,,,,,,,,,,,,
1634615655.15376782,,,,,,,,19600490,0,1500,1500,1000,1500,0,0,0,0,0,0,0,0,0,0,0,0,,,,,,,,
1634615655.40823197,19860,0.00034371321089565754,0.00010654551442712545,-0.12209589034318924,0.00011639445438049734,0.00010165442654397339,0.0001631952909519896,,,,,,,,,,,,,,,,,,,,,,,,,,
1634615655.41132402,,,,,,,,19860386,0,1500,1500,1000,1500,0,0,0,0,0,0,0,0,0,0,0,0,,,,,,,,
1634615655.64994383,20100,0.00036362241371534765,0.00012685023830272257,-0.12211112678050995,0.00015060394071042538,0.0001235251547768712,0.00011659318988677114,,,,,,,,,,,,,,,,,,,,,,,,,,
1634615655.65601993,,,,,,,,20100290,0,1500,1500,1000,1500,0,0,0,0,0,0,0,0,0,0,0,0,,,,,,,,
1634615655.91032386,20360,0.00038021086947992444,0.00014778021431993693,-0.1221328154206276,0.00018854050722438842,0.0001524228136986494,0.00011197231651749462,,,,,,,,,,,,,,,,,,,,,,,,,,
1634615655.91232800,,,,,,,,20360186,0,1500,1500,1000,1500,0,0,0,0,0,0,0,0,0,0,0,0,,,,,,,,
1634615656.15097594,20600,0.00039197065052576363,0.00016470751143060625,-0.12215564399957657,6.038844003342092e-05,0.00012416316894814372,0.00015014543896541,,,,,,,,,,,,,,,,,,,,,,,,,,
1634615656.15392804,,,,,,,,20600923,0,1500,1500,1000,1500,0,0,0,0,0,0,0,0,0,0,0,0,,,,,,,,
1634615656.40782785,20860,0.00040413724491372705,0.0001757326244842261,-0.12218446284532547,0.00018289554282091558,0.00011719932081177831,0.00016558087372686714,,,,,,,,,,,,,,,,,,,,,,,,,,
1634615656.41125989,,,,,,,,20860819,0,1500,1500,1000,1500,0,0,0,0,0,0,0,0,0,0,0,0,,,,,,,,
1634615656.65156794,21100,0.00040962136699818075,0.00017831895092967898,-0.12220729887485504,0.00018244764942210168,4.7779089072719216e-05,0.00017218496941495687,,,,,,,,,,,,,,,,,,,,,,,,,,
1634615656.65559983,,,,,,,,21100723,0,1500,1500,1000,1500,0,0,0,0,0,0,0,0,0,0,0,0,,,,,,,,
1634615656.90721989,21360,0.00040454600821249187,0.0001720503787510097,-0.1222328320145607,0.00014719196769874543,8.080633415374905e-05,0.0002106059400830418,,,,,,,,,,,,,,,,,,,,,,,,,,
1634615656.90990400,,,,,,,,21360619,0,1500,1500,1000,1500,0,0,0,0,0,0,0,0,0,0,0,0,,,,,,,,
1634615657.14772797,21600,0.000396459101466462,0.00015884336607996374,-0.12224970012903214,0.00014542715507559478,0.00011560830171220005,0.0001986869756365195,,,,,,,,,,,,,,,,,,,,,,,,,,
1634615657.15041995,,,,,,,,21600523,0,1500,1500,1000,1500,0,0,0,0,0,0,0,0,0,0,0,0,,,,,,,,
1634615657.41107988,21860,0.0003888466744683683,0.00014812409062869847,-0.12226466089487076,0.00012277282075956464,0.00015732059546280652,0.00020906489226035774,,,,,,,,,,,,,,,,,,,,,,,,,,
1634615657.41370797,,,,,,,,21860419,0,1500,1500,1000,1500,0,0,0,0,0,0,0,0,0,0,0,0,,,,,,,,
1634615657.64685202,22100,0.0003851200744975358,0.00013989669969305396,-0.12228035181760788,0.0002479850663803518,0.00013381015742197633,0.00014459625526797026,,,,,,,,,,,,,,,,,,,,,,,,,,
1634615657.65008402,,,,,,,,22100323,0,1500,1500,1000,1500,0,0,0,0,0,0,0,0,0,0,0,0,,,,,,,,
1634615657.90667200,22360,0.000372679642168805,0.00012710815644823015,-0.12228924036026001,0.00018900854047387838,0.00014497269876301289,0.00017222804308403283,,,,,,,,,,,,,,,,,,,,,,,,,,
1634615657.90955591,,,,,,,,22360219,0,1500,1500,1000,1500,0,0,0,0,0,0,0,0,0,0,0,0,,,,,,,,
1634615658.15219998,22600,0.00037066967342980206,0.0001219873593072407,-0.12229781597852707,0.00011392448504921049,0.0001585759164299816,0.00015422425349242985,,,,,,,,,,,,,,,,,,,,,,,,,,
1634615658.15838790,,,,,,,,22600956,0,1500,1500,1000,1500,0,0,0,0,0,0,0,0,0,0,0,0,,,,,,,,
1634615658.40898395,22860,0.00036445888690650463,0.00012005329335806891,-0.12230286747217178,0.00017371578724123538,7.459982589352876e-05,0.00014962749264668673,,,,,,,,,,,,,,,,,,,,,,,,,,
1634615658.41237593,,,,,,,,22860852,0,1500,1500,1000,1500,0,0,0,0,0,0,0,0,0,0,0,0,,,,,,,,
1634615658.65208793,23100,0.00036361132515594363,0.00012067892384948209,-0.12230393290519714,0.00013324296742212027,0.00012514059199020267,0.00016584014520049095,,,,,,,,,,,,,,,,,,,,,,,,,,
1634615658.65854788,,,,,,,,23100756,0,1500,1500,1000,1500,0,0,0,0,0,0,0,0,0,0,0,0,,,,,,,,
1634615658.91193199,23360,0.00036018152604810894,0.00012051052181050181,-0.12230122834444046,0.00016141025116667151,3.873281821142882e-05,0.0001462633954361081,,,,,,,,,,,,,,,,,,,,,,,,,,
1634615658.91457582,,,,,,,,23360652,0,1500,1500,1000,1500,0,0,0,0,0,0,0,0,0,0,0,0,,,,,,,,
1634615659.15056801,23600,0.00036184248165227473,0.00011801124492194504,-0.122307188808918,0.00011123678996227682,5.6259712437167764e-05,0.00013436065637506545,,,,,,,,,,,,,,,,,,,,,,,,,,
1634615659.15358400,,,,,,,,23600556,0,1500,1500,1000,1500,0,0,0,0,0,0,0,0,0,0,0,0,,,,,,,,
1634615659.41112804,23860,0.0003673333558253944,0.00011578887642826885,-0.12231474369764328,0.00018153853307012469,0.00011506036389619112,0.0001507552806288004,,,,,,,,,,,,,,,,,,,,,,,,,,
1634615659.41387987,,,,,,,,23860452,0,1500,1500,1000,1500,0,0,0,0,0,0,0,0,0,0,0,0,,,,,,,,
1634615659.65028000,24100,0.00037723168497905135,0.00012357620289549232,-0.12231758236885071,0.0001765031774993986,0.00011351023567840457,0.00012192207213956863,,,,,,,,,,,,,,,,,,,,,,,,,,
1634615659.65423584,,,,,,,,24100356,0,1500,1500,1000,1500,0,0,0,0,0,0,0,0,0,0,0,0,,,,,,,,
1634615659.90932798,24360,0.0003827117325272411,0.00012558109301608056,-0.12232013046741486,0.00013471029524225742,0.00013476118328981102,8.83683969732374e-05,,,,,,,,,,,,,,,,,,,,,,,,,,
1634615659.91239595,,,,,,,,24360252,0,1500,1500,1000,1500,0,0,0,0,0,0,0,0,0,0,0,0,,,,,,,,
1634615660.15163994,24600,0.00039084351737983525,0.0001347095239907503,-0.12232106924057007,0.00016130393487401307,0.00011784577509388328,0.0001060767681337893,,,,,,,,,,,,,,,,,,,,,,,,,,
1634615660.15530396,,,,,,,,24600156,0,1500,1500,1000,1500,0,0,0,0,0,0,0,0,0,0,0,0,,,,,,,,
1634615660.40768790,24860,0.00039595714770257473,0.00014394715253729373,-0.12231750786304474,0.0001449668634450063,9.668507846072316e-05,0.00020494713680818677,,,,,,,,,,,,,,,,,,,,,,,,,,
1634615660.41317582,,,,,,,,24860885,0,1500,1500,1000,1500,0,0,0,0,0,0,0,0,0,0,0,0,,,,,,,,
1634615660.64945197,25100,0.0004091550363227725,0.00015599674952682108,-0.12231829017400742,0.00016963922826107591,8.976276149041951e-05,0.00019414319831412286,,,,,,,,,,,,,,,,,,,,,,,,,,
1634615660.65269995,,,,,,,,25100789,0,1500,1500,1000,1500,0,0,0,0,0,0,0,0,0,0,0,0,,,,,,,,
1634615660.90985203,25360,0.0004184514400549233,0.00016957565094344318,-0.12231796234846115,9.944713383447379e-05,0.00014481425751000643,0.00022829817316960543,,,,,,,,,,,,,,,,,,,,,,,,,,
1634615660.91294789,,,,,,,,25360685,0,1500,1500,1000,1500,0,0,0,0,0,0,0,0,0,0,0,0,,,,,,,,
1634615661.15173197,25600,0.00042645190842449665,0.00018422672292217612,-0.12232543528079987,0.00014748817193321884,0.00011861938401125371,9.356297960039228e-05,,,,,,,,,,,,,,,,,,,,,,,,,,
1634615661.15638399,,,,,,,,25600589,0,1500,1500,1000,1500,0,0,0,0,0,0,0,0,0,0,0,0,,,,,,,,
1634615661.40968800,25860,0.0004454512964002788,0.00019839945889543742,-0.12233041971921921,0.0001864809892140329,0.00017460677190683782,0.00023427566338796169,,,,,,,,,,,,,,,,,,,,,,,,,,
1634615661.41243601,,,,,,,,25860485,0,1500,1500,1000,1500,0,0,0,0,0,0,0,0,0,0,0,0,,,,,,,,
1634615661.64855599,26100,0.00045895628863945603,0.00020949587633367628,-0.12233667075634003,0.0001169049646705389,0.0001158462546300143,0.00017037107318174094,,,,,,,,,,,,,,,,,,,,,,,,,,
1634615661.65190387,,,,,,,,26100389,0,1500,1500,1000,1500,0,0,0,0,0,0,0,0,0,0,0,0,,,,,,,,
1634615661.91197991,26360,0.0004750615044031292,0.0002259514294564724,-0.12234792113304138,0.00019708354375325143,0.00012282610987313092,0.0001130992459366098,,,,,,,,,,,,,,,,,,,,,,,,,,
1634615661.91460395,,,,,,,,26360285,0,1500,1500,1000,1500,0,0,0,0,0,0,0,0,0,0,0,0,,,,,,,,
1634615662.14892793,26600,0.00048594092368148267,0.00024197767197620124,-0.12235484272241592,0.0001473157899454236,0.00021476589608937502,0.0001813756680348888,,,,,,,,,,,,,,,,,,,,,,,,,,
1634615662.15342784,,,,,,,,26600189,0,1500,1500,1000,1500,0,0,0,0,0,0,0,0,0,0,0,0,,,,,,,,
1634615662.40853596,26860,0.0005028520245105028,0.0002481660631019622,-0.12236849963665009,0.00020217144628986716,7.764162728562951e-05,0.00012584164505824447,,,,,,,,,,,,,,,,,,,,,,,,,,
1634615662.41125202,,,,,,,,26860918,0,1500,1500,1000,1500,0,0,0,0,0,0,0,0,0,0,0,0,,,,,,,,
1634615662.65091991,27100,0.0005141259171068668,0.0002634980482980609,-0.12237671762704849,0.00015549549425486475,7.533392636105418e-05,0.00016945127572398633,,,,,,,,,,,,,,,,,,,,,,,,,,
1634615662.65381193,,,,,,,,27100822,0,1500,1500,1000,1500,0,0,0,0,0,0,0,0,0,0,0,0,,,,,,,,
1634615662.90792394,27360,0.0005313729634508491,0.00027710155700333416,-0.12238696962594986,0.00021955175907351077,0.00013124241377227008,0.00011649333464447409,,,,,,,,,,,,,,,,,,,,,,,,,,
1634615662.91119194,,,,,,,,27360718,0,1500,1500,1000,1500,0,0,0,0,0,0,0,0,0,0,0,0,,,,,,,,
1634615663.15242386,27600,0.0005460073589347303,0.00029153554351069033,-0.12239938974380493,0.00020652687817346305,7.324368925765157e-05,0.00015656568575650454,,,,,,,,,,,,,,,,,,,,,,,,,,
1634615663.15569186,,,,,,,,27600622,0,1500,1500,1000,1500,0,0,0,0,0,0,0,0,0,0,0,0,,,,,,,,
1634615663.41172791,27860,0.0005551239009946585,0.0003072242543566972,-0.12241862714290619,0.0001893629232654348,0.0001439640182070434,0.0001712786906864494,,,,,,,,,,,,,,,,,,,,,,,,,,
1634615663.41437984,,,,,,,,27860518,0,1500,1500,1000,1500,0,0,0,0,0,0,0,0,0,0,0,0,,,,,,,,
1634615663.65059996,28100,0.0005691556143574417,0.00032099196687340736,-0.1224316731095314,0.0002250258985441178,0.0001660067937336862,0.00017167965415865183,,,,,,,,,,,,,,,,,,,,,,,,,,
1634615663.65314794,,,,,,,,28100422,0,1500,1500,1000,1500,0,0,0,0,0,0,0,0,0,0,0,0,,,,,,,,
1634615663.91215992,28360,0.0005820249789394438,0.00033559498842805624,-0.12244684249162674,0.00013216293882578611,0.00017324424698017538,0.000142298435093835,,,,,,,,,,,,,,,,,,,,,,,,,,
1634615663.91543603,,,,,,,,28360318,0,1500,1500,1000,1500,0,0,0,0,0,0,0,0,0,0,0,0,,,,,,,,
1634615664.14876390,28600,0.0005889749154448509,0.00034329804475419223,-0.12246222048997879,0.00023770851839799434,8.446630090475082e-05,0.00010023434879258275,,,,,,,,,,,,,,,,,,,,,,,,,,
1634615664.15205193,,,,,,,,28600222,0,1500,1500,1000,1500,0,0,0,0,0,0,0,0,0,0,0,0,,,,,,,,
1634615664.41204786,28860,0.0006055155536159873,0.00035644430317915976,-0.12247630953788757,0.00016762503946665674,0.0001563384139444679,0.00017993213259615004,,,,,,,,,,,,,,,,,,,,,,,,,,
1634615664.41467190,,,,,,,,28860951,0,1500,1500,1000,1500,0,0,0,0,0,0,0,0,0,0,0,0,,,,,,,,
1634615664.65304399,29100,0.0006177360191941261,0.00037004848127253354,-0.12248332798480988,0.00015953995171003044,9.585160296410322e-05,0.0001770024828147143,,,,,,,,,,,,,,,,,,,,,,,,,,
1634615664.65604401,,,,,,,,29100855,0,1500,1500,1000,1500,0,0,0,0,0,0,0,0,0,0,0,0,,,,,,,,
1634615664.90945983,29360,0.0006309869349934161,0.0003839041746687144,-0.12249942123889923,0.00029947925941087306,0.00014793072477914393,0.0001727319322526455,,,,,,,,,,,,,,,,,,,,,,,,,,
1634615664.91249204,,,,,,,,29360751,0,1500,1500,1000,1500,0,0,0,0,0,0,0,0,0,0,0,0,,,,,,,,
1634615665.14993596,29600,0.0006479365401901305,0.0003880769945681095,-0.12251942604780197,0.00019132527813781053,0.00013951797154732049,0.00016517069889232516,,,,,,,,,,,,,,,,,,,,,,,,,,
1634615665.16154790,,,,,,,,29600655,0,1500,1500,1000,1500,0,0,0,0,0,0,0,0,0,0,0,0,,,,,,,,
1634615665.40899587,29860,0.0006561651243828237,0.00039639088208787143,-0.12253203243017197,0.00024468894116580486,7.106739212758839e-05,0.00017058980301953852,,,,,,,,,,,,,,,,,,,,,,,,,,
1634615665.41601181,,,,,,,,29860551,0,1500,1500,1000,1500,0,0,0,0,0,0,0,0,0,0,0,0,,,,,,,,
1634615665.64844799,30100,0.0006644025561399758,0.00039998797001317143,-0.12254967540502548,0.00015239005733747035,0.0001267176412511617,0.00011854933109134436,,,,,,,,,,,,,,,,,,,,,,,,,,
1634615665.65108800,,,,,,,,30100455,0,1500,1500,1000,1500,0,0,0,0,0,0,0,0,0,0,0,0,,,,,,,,
1634615665.91247988,30360,0.0006711182068102062,0.0004096158081665635,-0.12256678938865662,0.00020927394507452846,0.00015827090828679502,0.00017108922475017607,,,,,,,,,,,,,,,,,,,,,,,,,,
1634615665.91663599,,,,,,,,30360351,0,1500,1500,1000,1500,0,0,0,0,0,0,0,0,0,0,0,0,,,,,,,,
1634615666.14796400,30600,0.0006821811548434198,0.0004176062357146293,-0.12258157879114151,0.0001978635846171528,0.00016916936147026718,0.00012618419714272022,,,,,,,,,,,,,,,,,,,,,,,,,,
1634615666.15197587,,,,,,,,30600255,0,1500,1500,1000,1500,0,0,0,0,0,0,0,0,0,0,0,0,,,,,,,,
1634615666.40795183,30860,0.0006923641194589436,0.0004296147671993822,-0.12260746955871582,0.0001956318737939,0.00011744245421141386,0.00013718506670556962,,,,,,,,,,,,,,,,,,,,,,,,,,
1634615666.41056395,,,,,,,,30860151,0,1500,1500,1000,1500,0,0,0,0,0,0,0,0,0,0,0,0,,,,,,,,
1634615666.65311599,31100,0.0007059972267597914,0.00043574569281190634,-0.12262279540300369,0.00022207690926734358,0.00015253075980581343,0.0001351436658296734,,,,,,,,,,,,,,,,,,,,,,,,,,
1634615666.65583587,,,,,,,,31100888,0,1500,1500,1000,1500,0,0,0,0,0,0,0,0,0,0,0,0,,,,,,,,
1634615666.90824795,31360,0.0007247024914249778,0.00044442826765589416,-0.12263374030590057,0.0002671695838216692,0.00020634676911868155,0.00021369787282310426,,,,,,,,,,,,,,,,,,,,,,,,,,
1634615666.91111183,,,,,,,,31360784,0,1500,1500,1000,1500,0,0,0,0,0,0,0,0,0,0,0,0,,,,,,,,
1634615667.15266800,31600,0.0007333653047680855,0.00045572349335998297,-0.12265026569366455,0.00017938866221811622,0.0002175209519919008,9.386189049109817e-05,,,,,,,,,,,,,,,,,,,,,,,,,,
1634615667.15669990,,,,,,,,31600688,0,1500,1500,1000,1500,0,0,0,0,0,0,0,0,0,0,0,0,,,,,,,,
1634615667.41043186,31860,0.0007424011128023267,0.00046474108239635825,-0.12266545742750168,0.00013945478713139892,0.00016822078032419086,0.00014234651462174952,,,,,,,,,,,,,,,,,,,,,,,,,,
1634615667.41321993,,,,,,,,31860584,0,1500,1500,1000,1500,0,0,0,0,0,0,0,0,0,0,0,0,,,,,,,,
1634615667.65069199,32100,0.0007518086931668222,0.0004705758183263242,-0.12268241494894028,0.0002277664898429066,0.00011422974057495594,0.000173119711689651,,,,,,,,,,,,,,,,,,,,,,,,,,
1634615667.65353990,,,,,,,,32100488,0,1500,1500,1000,1500,0,0,0,0,0,0,0,0,0,0,0,0,,,,,,,,
1634615667.91201997,32360,0.0007580668316222727,0.00047672135406173766,-0.12270203232765198,0.0002453669148962945,8.12576909083873e-05,0.00010414700955152512,,,,,,,,,,,,,,,,,,,,,,,,,,
1634615667.91462803,,,,,,,,32360384,0,1500,1500,1000,1500,0,0,0,0,0,0,0,0,0,0,0,0,,,,,,,,
1634615668.14957190,32600,0.0007653021602891386,0.0004913707380183041,-0.12271447479724884,0.00017528797616250813,0.00017512022168375552,0.00021864954032935202,,,,,,,,,,,,,,,,,,,,,,,,,,
1634615668.15275598,,,,,,,,32600288,0,1500,1500,1000,1500,0,0,0,0,0,0,0,0,0,0,0,0,,,,,,,,
1634615668.41107202,32860,0.0007781453314237297,0.0005002730758860707,-0.1227259561419487,0.0002321123902220279,0.000128929503262043,0.00023429965949617326,,,,,,,,,,,,,,,,,,,,,,,,,,
1634615668.41366386,,,,,,,,32860184,0,1500,1500,1000,1500,0,0,0,0,0,0,0,0,0,0,0,0,,,,,,,,
1634615668.65017986,33100,0.0007875998853705823,0.0005106008029542863,-0.12273766845464706,0.0002178068389184773,0.0001558017684146762,0.00017162456060759723,,,,,,,,,,,,,,,,,,,,,,,,,,
1634615668.65288401,,,,,,,,33100921,0,1500,1500,1000,1500,0,0,0,0,0,0,0,0,0,0,0,0,,,,,,,,
1634615668.91007996,33360,0.000797614105977118,0.0005227695219218731,-0.12274933606386185,0.0001953197061084211,0.00020162493456155062,0.0001883624936453998,,,,,,,,,,,,,,,,,,,,,,,,,,
1634615668.91294384,,,,,,,,33360817,0,1500,1500,1000,1500,0,0,0,0,0,0,0,0,0,0,0,0,,,,,,,,
1634615669.14964795,33600,0.0008072496275417507,0.0005309451371431351,-0.12275999784469604,0.00023702767794020474,0.00017421739175915718,0.00022225407883524895,,,,,,,,,,,,,,,,,,,,,,,,,,
1634615669.15235591,,,,,,,,33600721,0,1500,1500,1000,1500,0,0,0,0,0,0,0,0,0,0,0,0,,,,,,,,
1634615669.41312385,33860,0.0008151501533575356,0.0005408368888311088,-0.12277203798294067,0.00017487790319137275,0.00022914851433597505,0.0002017015649471432,,,,,,,,,,,,,,,,,,,,,,,,,,
1634615669.41631603,,,,,,,,33860617,0,1500,1500,1000,1500,0,0,0,0,0,0,0,0,0,0,0,0,,,,,,,,
1634615669.64821982,34100,0.000819222186692059,0.0005503235734067857,-0.12278365343809128,0.00022169671137817204,0.00025220384122803807,0.00014029548037797213,,,,,,,,,,,,,,,,,,,,,,,,,,
1634615669.65100789,,,,,,,,34100521,0,1500,1500,1000,1500,0,0,0,0,0,0,0,0,0,0,0,0,,,,,,,,
1634615669.91299582,34360,0.0008314231527037919,0.0005647945799864829,-0.12280023097991943,0.00020500656682997942,0.00022984028328210115,0.00015927403001114726,,,,,,,,,,,,,,,,,,,,,,,,,,
1634615669.91592789,,,,,,,,34360417,0,1500,1500,1000,1500,0,0,0,0,0,0,0,0,0,0,0,0,,,,,,,,
1634615670.14895201,34600,0.000835116661619395,0.0005769181880168617,-0.1228107362985611,8.57883132994175e-05,0.00021290223230607808,0.00016535940812900662,,,,,,,,,,,,,,,,,,,,,,,,,,
1634615670.15170002,,,,,,,,34600321,0,1500,1500,1000,1500,0,0,0,0,0,0,0,0,0,0,0,0,,,,,,,,
1634615670.41200399,34860,0.0008361170766875148,0.000584653636906296,-0.12282571196556091,0.000252420490141958,0.00013048879918642342,0.0001892435539048165,,,,,,,,,,,,,,,,,,,,,,,,,,
1634615670.41472793,,,,,,,,34860217,0,1500,1500,1000,1500,0,0,0,0,0,0,0,0,0,0,0,0,,,,,,,,
1634615670.65116787,35100,0.0008410007576458156,0.0005906062433496118,-0.12283804267644882,0.00021762170945294201,0.00019653807976283133,0.00014024099800735712,,,,,,,,,,,,,,,,,,,,,,,,,,
1634615670.65375185,,,,,,,,35100954,0,1500,1500,1000,1500,0,0,0,0,0,0,0,0,0,0,0,0,,,,,,,,
1634615670.91020799,35360,0.0008520053816027939,0.0005942336865700781,-0.12284589558839798,0.00022429469390772283,0.00016734286327846348,0.00015183512005023658,,,,,,,,,,,,,,,,,,,,,,,,,,
1634615670.91389585,,,,,,,,35360850,0,1500,1500,1000,1500,0,0,0,0,0,0,0,0,0,0,0,0,,,,,,,,
1634615671.14870000,35600,0.0008558919653296471,0.0005976816173642874,-0.12285766750574112,0.0001371130347251892,0.0002297998871654272,0.00013796112034469843,,,,,,,,,,,,,,,,,,,,,,,,,,
1634615671.15154386,,,,,,,,35600754,0,1500,1500,1000,1500,0,0,0,0,0,0,0,0,0,0,0,0,,,,,,,,
1634615671.40931582,35860,0.000860840838868171,0.000608101487159729,-0.12286943197250366,0.0002475625369697809,0.00024423206923529506,0.00018454639939591289,,,,,,,,,,,,,,,,,,,,,,,,,,
1634615671.41368794,,,,,,,,35860650,0,1500,1500,1000,1500,0,0,0,0,0,0,0,0,0,0,0,0,,,,,,,,
1634615671.65087605,36100,0.000867185415700078,0.0006145579973235726,-0.12288367748260498,0.00021441440912894905,0.0001876775932032615,0.00011635493137873709,,,,,,,,,,,,,,,,,,,,,,,,,,
1634615671.65396404,,,,,,,,36100554,0,1500,1500,1000,1500,0,0,0,0,0,0,0,0,0,0,0,0,,,,,,,,
1634615671.91325998,36360,0.0008799991919659078,0.0006232565501704812,-0.12289640307426453,0.00026104558492079377,0.0001410271506756544,0.00012338778469711542,,,,,,,,,,,,,,,,,,,,,,,,,,
1634615671.91670394,,,,,,,,36360450,0,1500,1500,1000,1500,0,0,0,0,0,0,0,0,0,0,0,0,,,,,,,,
1634615672.15305996,36600,0.000888720853254199,0.0006305955466814339,-0.12290065735578537,0.00018909756909124553,0.0001339660375379026,0.00016740546561777592,,,,,,,,,,,,,,,,,,,,,,,,,,
1634615672.15579987,,,,,,,,36600354,0,1500,1500,1000,1500,0,0,0,0,0,0,0,0,0,0,0,0,,,,,,,,
1634615672.41005182,36860,0.0008956388919614255,0.0006407506298273802,-0.1229100450873375,0.00018485166947357357,0.0002353366871830076,0.0001703056914266199,,,,,,,,,,,,,,,,,,,,,,,,,,
1634615672.41300797,,,,,,,,36860250,0,1500,1500,1000,1500,0,0,0,0,0,0,0,0,0,0,0,0,,,,,,,,
1634615672.65053201,37100,0.0009034184040501714,0.0006452450761571527,-0.12292339652776718,0.00025141704827547073,0.00014756657765246928,0.0002367677807342261,,,,,,,,,,,,,,,,,,,,,,,,,,
1634615672.65345597,,,,,,,,37100154,0,1500,1500,1000,1500,0,0,0,0,0,0,0,0,0,0,0,0,,,,,,,,
1634615672.90873194,37360,0.0009058289579115808,0.0006519550806842744,-0.12293138355016708,0.00027148029766976833,0.00012323306873440742,0.0001847470412030816,,,,,,,,,,,,,,,,,,,,,,,,,,
1634615672.91210794,,,,,,,,37360883,0,1500,1500,1000,1500,0,0,0,0,0,0,0,0,0,0,0,0,,,,,,,,
1634615673.15147996,37600,0.0009129961836151779,0.0006571419653482735,-0.12293968349695206,0.00025151003501378,0.00026473714387975633,0.00022932636784389615,,,,,,,,,,,,,,,,,,,,,,,,,,
1634615673.15419197,,,,,,,,37600787,0,1500,1500,1000,1500,0,0,0,0,0,0,0,0,0,0,0,0,,,,,,,,
1634615673.40916395,37860,0.0009152877610176802,0.0006651621079072356,-0.12294429540634155,0.00025175907649099827,0.00022280268603935838,0.0002357026096433401,,,,,,,,,,,,,,,,,,,,,,,,,,
1634615673.41317201,,,,,,,,37860683,0,1500,1500,1000,1500,0,0,0,0,0,0,0,0,0,0,0,0,,,,,,,,
1634615673.65189981,38100,0.0009231442818418145,0.0006730234599672258,-0.12294521927833557,0.00024894156376831234,0.00024738762294873595,0.00017247509094886482,,,,,,,,,,,,,,,,,,,,,,,,,,
1634615673.65457582,,,,,,,,38100587,0,1500,1500,1000,1500,0,0,0,0,0,0,0,0,0,0,0,0,,,,,,,,
1634615673.91262794,38360,0.0009306169813498855,0.0006749395397491753,-0.12294943630695343,0.0002462216652929783,0.00018454360542818904,0.0002046384906861931,,,,,,,,,,,,,,,,,,,,,,,,,,
1634615673.91563201,,,,,,,,38360483,0,1500,1500,1000,1500,0,0,0,0,0,0,0,0,0,0,0,0,,,,,,,,
1634615674.15187597,38600,0.0009399743867106736,0.0006782125565223396,-0.12295415997505188,0.00032200661371462047,0.0001137549988925457,0.00019244564464315772,,,,,,,,,,,,,,,,,,,,,,,,,,
1634615674.15461993,,,,,,,,38600387,0,1500,1500,1000,1500,0,0,0,0,0,0,0,0,0,0,0,0,,,,,,,,
1634615674.40914798,38860,0.0009467031923122704,0.0006837630062364042,-0.12295635044574738,0.0003561402263585478,0.00018821103731170297,0.000199725735001266,,,,,,,,,,,,,,,,,,,,,,,,,,
1634615674.41185999,,,,,,,,38860283,0,1500,1500,1000,1500,0,0,0,0,0,0,0,0,0,0,0,0,,,,,,,,
1634615674.64993191,39100,0.0009531968971714377,0.0006911568343639374,-0.12295737862586975,0.00024346375721506774,0.00015604376676492393,0.0001744683540891856,,,,,,,,,,,,,,,,,,,,,,,,,,
1634615674.65351200,,,,,,,,39100187,0,1500,1500,1000,1500,0,0,0,0,0,0,0,0,0,0,0,0,,,,,,,,
1634615674.91377997,39360,0.0009573288261890411,0.0006971227121539414,-0.12296231836080551,0.00021101927268318832,0.00012549335951916873,0.00028942624339833856,,,,,,,,,,,,,,,,,,,,,,,,,,
1634615674.91657996,,,,,,,,39360916,0,1500,1500,1000,1500,0,0,0,0,0,0,0,0,0,0,0,0,,,,,,,,
1634615675.15234399,39600,0.0009656199254095554,0.0007095355540513992,-0.122968889772892,0.0002653264964465052,0.00018362741684541106,0.0002019667881540954,,,,,,,,,,,,,,,,,,,,,,,,,,
1634615675.15527582,,,,,,,,39600820,0,1500,1500,1000,1500,0,0,0,0,0,0,0,0,0,0,0,0,,,,,,,,
1634615675.40875602,39860,0.000972811016254127,0.000712467881385237,-0.12297908961772919,0.00028240637038834393,0.00018849456682801247,0.00013979410869069397,,,,,,,,,,,,,,,,,,,,,,,,,,
1634615675.41152382,,,,,,,,39860716,0,1500,1500,1000,1500,0,0,0,0,0,0,0,0,0,0,0,0,,,,,,,,
1634615675.65381598,40100,0.0009759375243447721,0.0007195890648290515,-0.12297896295785904,0.0003013927489519119,0.0002274629077874124,0.0002280040644109249,,,,,,,,,,,,,,,,,,,,,,,,,,
1634615675.65655184,,,,,,,,40100620,0,1500,1500,1000,1500,0,0,0,0,0,0,0,0,0,0,0,0,,,,,,,,
1634615675.90864801,40360,0.0009878830751404166,0.0007274635718204081,-0.12297928333282471,0.0003034399705938995,0.00017376188770867884,0.0001417791936546564,,,,,,,,,,,,,,,,,,,,,,,,,,
1634615675.91170001,,,,,,,,40360516,0,1500,1500,1000,1500,0,0,0,0,0,0,0,0,0,0,0,0,,,,,,,,
1634615676.15202403,40600,0.0009957044385373592,0.0007421079208143055,-0.12297796458005905,0.0002718822215683758,0.00017184796161018312,0.00023650683579035103,,,,,,,,,,,,,,,,,,,,,,,,,,
1634615676.15518403,,,,,,,,40600420,0,1500,1500,1000,1500,0,0,0,0,0,0,0,0,0,0,0,0,,,,,,,,
1634615676.41351986,40860,0.0010016998276114464,0.0007482402725145221,-0.12298593670129776,0.0002935720549430698,0.00020419791690073907,0.0001445081434212625,,,,,,,,,,,,,,,,,,,,,,,,,,
1634615676.41671586,,,,,,,,40860316,0,1500,1500,1000,1500,0,0,0,0,0,0,0,0,0,0,0,0,,,,,,,,
1634615676.65323997,41100,0.0010024919174611568,0.0007611005567014217,-0.12298648804426193,0.0001941519440151751,0.0002347121189814061,0.00017199860303662717,,,,,,,,,,,,,,,,,,,,,,,,,,
1634615676.65613985,,,,,,,,41100220,0,1500,1500,1000,1500,0,0,0,0,0,0,0,0,0,0,0,0,,,,,,,,
1634615676.91240001,41360,0.0010131382150575519,0.0007646568119525909,-0.12299217283725739,0.0002623111940920353,0.00016902020433917642,0.00023050405434332788,,,,,,,,,,,,,,,,,,,,,,,,,,
1634615676.91583586,,,,,,,,41360949,0,1500,1500,1000,1500,0,0,0,0,0,0,0,0,0,0,0,0,,,,,,,,
1634615677.15092397,41600,0.0010216237278655171,0.0007731473306193948,-0.12299691885709763,0.00032466158154420555,0.0001613639178685844,0.00017102915444411337,,,,,,,,,,,,,,,,,,,,,,,,,,
1634615677.15366387,,,,,,,,41600853,0,1500,1500,1000,1500,0,0,0,0,0,0,0,0,0,0,0,0,,,,,,,,
1634615677.41225195,41860,0.001023604883812368,0.0007775739068165421,-0.12299460917711258,0.00026830495335161686,0.00020255226991139352,0.0002184612094424665,,,,,,,,,,,,,,,,,,,,,,,,,,
1634615677.41507196,,,,,,,,41860749,0,1500,1500,1000,1500,0,0,0,0,0,0,0,0,0,0,0,0,,,,,,,,
1634615677.65380788,42100,0.0010307240299880505,0.0007832783157937229,-0.12299562245607376,0.0002558024425525218,0.00017994700465351343,0.00015800970140844584,,,,,,,,,,,,,,,,,,,,,,,,,,
1634615677.65650797,,,,,,,,42100653,0,1500,1500,1000,1500,0,0,0,0,0,0,0,0,0,0,0,0,,,,,,,,
1634615677.91053200,42360,0.0010389800881966949,0.0007959521608427167,-0.12299925088882446,0.00018089808872900903,0.00023360489285551012,0.00024183993809856474,,,,,,,,,,,,,,,,,,,,,,,,,,
1634615677.91325998,,,,,,,,42360549,0,1500,1500,1000,1500,0,0,0,0,0,0,0,0,0,0,0,0,,,,,,,,
1634615678.14899182,42600,0.001045616460032761,0.0008046666625887156,-0.12300147861242294,0.00026754048303700984,0.00023633945966139436,0.00022365711629390717,,,,,,,,,,,,,,,,,,,,,,,,,,
1634615678.15164399,,,,,,,,42600453,0,1500,1500,1000,1500,0,0,0,0,0,0,0,0,0,0,0,0,,,,,,,,
1634615678.41360402,42860,0.001047148834913969,0.0008145780302584171,-0.12299812585115433,0.00023633992532268167,0.00028936556191183627,0.00024046437465585768,,,,,,,,,,,,,,,,,,,,,,,,,,
1634615678.41744804,,,,,,,,42860349,0,1500,1500,1000,1500,0,0,0,0,0,0,0,0,0,0,0,0,,,,,,,,
1634615678.65373993,43100,0.0010510741267353296,0.0008223644690588117,-0.12300607562065125,0.00024265507818199694,0.00029768599779345095,0.0002359921345487237,,,,,,,,,,,,,,,,,,,,,,,,,,
1634615678.65631604,,,,,,,,43100253,0,1500,1500,1000,1500,0,0,0,0,0,0,0,0,0,0,0,0,,,,,,,,
1634615678.91172004,43360,0.001059990143403411,0.0008247201330959797,-0.12300693988800049,0.00032412365544587374,0.0002470341569278389,0.00017694744747132063,,,,,,,,,,,,,,,,,,,,,,,,,,
1634615678.91435194,,,,,,,,43360149,0,1500,1500,1000,1500,0,0,0,0,0,0,0,0,0,0,0,0,,,,,,,,
1634615679.15033603,43600,0.0010666265152394772,0.00083174929022789,-0.12300438433885574,0.00031018193112686276,0.0002734771987888962,0.00021127823856659234,,,,,,,,,,,,,,,,,,,,,,,,,,
1634615679.15226793,,,,,,,,43600886,0,1500,1500,1000,1500,0,0,0,0,0,0,0,0,0,0,0,0,,,,,,,,
1634615679.41250801,43860,0.0010699779959395528,0.000836363818962127,-0.12300219386816025,0.00022876937873661518,0.0002768484700936824,0.00024789717281237245,,,,,,,,,,,,,,,,,,,,,,,,,,
1634615679.41540384,,,,,,,,43860782,0,1500,1500,1000,1500,0,0,0,0,0,0,0,0,0,0,0,0,,,,,,,,
1634615679.64913201,44100,0.0010763199534267187,0.000839823973365128,-0.12300194054841995,0.00036097547854296863,0.00028544309316203,0.00023866703850217164,,,,,,,,,,,,,,,,,,,,,,,,,,
1634615679.65189600,,,,,,,,44100686,0,1500,1500,1000,1500,0,0,0,0,0,0,0,0,0,0,0,0,,,,,,,,
1634615679.90949988,44360,0.0010817504953593016,0.0008500420954078436,-0.12299786508083344,0.000241464760620147,0.0002622575266286731,0.00030159857124090195,,,,,,,,,,,,,,,,,,,,,,,,,,
1634615679.91260004,,,,,,,,44360582,0,1500,1500,1000,1500,0,0,0,0,0,0,0,0,0,0,0,0,,,,,,,,
1634615680.15066791,44600,0.0010919889900833368,0.0008555551758036017,-0.12299501895904541,0.0002761805953923613,0.0002054127980954945,0.00025805053883232176,,,,,,,,,,,,,,,,,,,,,,,,,,
1634615680.15339184,,,,,,,,44600486,0,1500,1500,1000,1500,0,0,0,0,0,0,0,0,0,0,0,0,,,,,,,,
1634615680.40887594,44860,0.0011018827790394425,0.0008578587439842522,-0.12299349159002304,0.0003247979038860649,0.0002494958753231913,0.00023607927141711116,,,,,,,,,,,,,,,,,,,,,,,,,,
1634615680.41173601,,,,,,,,44860382,0,1500,1500,1000,1500,0,0,0,0,0,0,0,0,0,0,0,0,,,,,,,,
1634615680.64953184,45100,0.001108068972826004,0.0008580880821682513,-0.1229923814535141,0.00021525309421122074,0.0001472829608246684,0.00025432207621634007,,,,,,,,,,,,,,,,,,,,,,,,,,
1634615680.65226388,,,,,,,,45100286,0,1500,1500,1000,1500,0,0,0,0,0,0,0,0,0,0,0,0,,,,,,,,
1634615680.91307592,45360,0.0011123388539999723,0.0008621468441560864,-0.12298748642206192,0.00026435116888023913,0.00029268881189636886,0.00026391303981654346,,,,,,,,,,,,,,,,,,,,,,,,,,
1634615680.91595984,,,,,,,,45360182,0,1500,1500,1000,1500,0,0,0,0,0,0,0,0,0,0,0,0,,,,,,,,
1634615681.15344000,45600,0.0011133969528600574,0.0008701393962837756,-0.12298638373613358,0.0002924948057625443,0.00031047340598888695,0.00018366161384619772,,,,,,,,,,,,,,,,,,,,,,,,,,
1634615681.15616798,,,,,,,,45600919,0,1500,1500,1000,1500,0,0,0,0,0,0,0,0,0,0,0,0,,,,,,,,
1634615681.41174793,45860,0.0011177873238921165,0.0008752095163799822,-0.12298357486724854,0.00029939677915535867,0.00022013919078744948,0.0002270675904583186,,,,,,,,,,,,,,,,,,,,,,,,,,
1634615681.41437197,,,,,,,,45860815,0,1500,1500,1000,1500,0,0,0,0,0,0,0,0,0,0,0,0,,,,,,,,
1634615681.65004396,46100,0.001126750255934894,0.0008742220816202462,-0.12298426777124405,0.00035179188125766814,0.00025083112996071577,0.0002581014996394515,,,,,,,,,,,,,,,,,,,,,,,,,,
1634615681.65304399,,,,,,,,46100719,0,1500,1500,1000,1500,0,0,0,0,0,0,0,0,0,0,0,0,,,,,,,,
1634615681.91300797,46360,0.0011336097959429026,0.0008743892540223897,-0.1229805201292038,0.0002846184652298689,0.00021519078291021287,0.00027639378095045686,,,,,,,,,,,,,,,,,,,,,,,,,,
1634615681.91583586,,,,,,,,46360615,0,1500,1500,1000,1500,0,0,0,0,0,0,0,0,0,0,0,0,,,,,,,,
1634615682.15061593,46600,0.0011378265917301178,0.0008767276303842664,-0.12297452986240387,0.00032109039602801204,0.000279481231700629,0.00027113629039376974,,,,,,,,,,,,,,,,,,,,,,,,,,
1634615682.15344381,,,,,,,,46600519,0,1500,1500,1000,1500,0,0,0,0,0,0,0,0,0,0,0,0,,,,,,,,
1634615682.41302800,46860,0.0011444498086348176,0.0008841950912028551,-0.12297233939170837,0.0002968059270642698,0.00025501486379653215,0.00025020213797688484,,,,,,,,,,,,,,,,,,,,,,,,,,
1634615682.41580391,,,,,,,,46860415,0,1500,1500,1000,1500,0,0,0,0,0,0,0,0,0,0,0,0,,,,,,,,
1634615682.65310788,47100,0.0011392758460715413,0.0008879455854184926,-0.12296801805496216,0.0002185381599701941,0.0002545759780332446,0.00020947057055309415,,,,,,,,,,,,,,,,,,,,,,,,,,
1634615682.65619183,,,,,,,,47100319,0,1500,1500,1000,1500,0,0,0,0,0,0,0,0,0,0,0,0,,,,,,,,
1634615682.91049194,47360,0.0011432383907958865,0.0008946563466452062,-0.12296482175588608,0.00037594366585835814,0.0002111400244757533,0.00027427866007201374,,,,,,,,,,,,,,,,,,,,,,,,,,
1634615682.91308403,,,,,,,,47360215,0,1500,1500,1000,1500,0,0,0,0,0,0,0,0,0,0,0,0,,,,,,,,
1634615683.15063190,47600,0.0011501763947308064,0.000905241584405303,-0.12295873463153839,0.0003202241496182978,0.0002756562898866832,0.0002504644508007914,,,,,,,,,,,,,,,,,,,,,,,,,,
1634615683.15383983,,,,,,,,47600952,0,1500,1500,1000,1500,0,0,0,0,0,0,0,0,0,0,0,0,,,,,,,,
1634615683.41280389,47860,0.0011571054346859455,0.0009134961292147636,-0.12295721471309662,0.0002953936345875263,0.00031085460796020925,0.00025394256226718426,,,,,,,,,,,,,,,,,,,,,,,,,,
1634615683.41556001,,,,,,,,47860848,0,1500,1500,1000,1500,0,0,0,0,0,0,0,0,0,0,0,0,,,,,,,,
1634615683.65184402,48100,0.0011611544759944081,0.0009135280270129442,-0.12295714765787125,0.000305502355331555,0.00028265980654396117,0.00023554623476229608,,,,,,,,,,,,,,,,,,,,,,,,,,
1634615683.65437198,,,,,,,,48100752,0,1500,1500,1000,1500,0,0,0,0,0,0,0,0,0,0,0,0,,,,,,,,
1634615683.91016388,48360,0.0011646561324596405,0.0009192331344820559,-0.12295318394899368,0.00027025205781683326,0.00028861089958809316,0.0001942262751981616,,,,,,,,,,,,,,,,,,,,,,,,,,
1634615683.91330004,,,,,,,,48360648,0,1500,1500,1000,1500,0,0,0,0,0,0,0,0,0,0,0,0,,,,,,,,
1634615684.15014791,48600,0.0011686828220263124,0.0009219476487487555,-0.12294676154851913,0.00024101315648294985,0.00023497873917222023,0.00020615712855942547,,,,,,,,,,,,,,,,,,,,,,,,,,
1634615684.15354395,,,,,,,,48600552,0,1500,1500,1000,1500,0,0,0,0,0,0,0,0,0,0,0,0,,,,,,,,
1634615684.41365600,48860,0.0011724225478246808,0.000927524350117892,-0.1229342445731163,0.0003103107155766338,0.0002608593786135316,0.00026725465431809425,,,,,,,,,,,,,,,,,,,,,,,,,,
1634615684.41645193,,,,,,,,48860448,0,1500,1500,1000,1500,0,0,0,0,0,0,0,0,0,0,0,0,,,,,,,,
1634615684.65308785,49100,0.0011780813802033663,0.0009345353464595973,-0.12292516976594925,0.0002889354364015162,0.0002322870714124292,0.0002497234381735325,,,,,,,,,,,,,,,,,,,,,,,,,,
1634615684.65579987,,,,,,,,49100352,0,1500,1500,1000,1500,0,0,0,0,0,0,0,0,0,0,0,0,,,,,,,,
1634615684.91312385,49360,0.001181477913632989,0.0009382048156112432,-0.12292211502790451,0.00031558258342556655,0.00026341609191149473,0.0002061144623439759,,,,,,,,,,,,,,,,,,,,,,,,,,
1634615684.91622400,,,,,,,,49360248,0,1500,1500,1000,1500,0,0,0,0,0,0,0,0,0,0,0,0,,,,,,,,
1634615685.15062404,49600,0.0011898454977199435,0.000947705761063844,-0.12291694432497025,0.00020826366380788386,0.00023118581157177687,0.00025610957527533174,,,,,,,,,,,,,,,,,,,,,,,,,,
1634615685.15349984,,,,,,,,49600152,0,1500,1500,1000,1500,0,0,0,0,0,0,0,0,0,0,0,0,,,,,,,,
1634615685.41287589,49860,0.0011950291227549314,0.0009537441655993462,-0.1229051947593689,0.0002937676617875695,0.0002491116465535015,0.0002716582384891808,,,,,,,,,,,,,,,,,,,,,,,,,,
1634615685.41562390,,,,,,,,49860881,0,1500,1500,1000,1500,0,0,0,0,0,0,0,0,0,0,0,0,,,,,,,,
1634615685.65400791,50100,0.00120250741019845,0.0009593210415914655,-0.12289535254240036,0.0003002378798555583,0.00027115410193800926,0.00032805127557367086,,,,,,,,,,,,,,,,,,,,,,,,,,
1634615685.65671182,,,,,,,,50100785,0,1500,1500,1000,1500,0,0,0,0,0,0,0,0,0,0,0,0,,,,,,,,
1634615685.91030002,50360,0.001204853062517941,0.0009654856403358281,-0.1228863000869751,0.0002539526904001832,0.00021073780953884125,0.00021501144510693848,,,,,,,,,,,,,,,,,,,,,,,,,,
1634615685.91308403,,,,,,,,50360681,0,1500,1500,1000,1500,0,0,0,0,0,0,0,0,0,0,0,0,,,,,,,,
1634615686.14973593,50600,0.00121101934928447,0.0009714505285955966,-0.12287566810846329,0.00039082166040316224,0.00020599443814717233,0.00025093191652558744,,,,,,,,,,,,,,,,,,,,,,,,,,
1634615686.15277195,,,,,,,,50600585,0,1500,1500,1000,1500,0,0,0,0,0,0,0,0,0,0,0,0,,,,,,,,
1634615686.40923190,50860,0.001211291877552867,0.000974278140347451,-0.12286936491727829,0.00030441430862993,0.00024256249889731407,0.0002460085670463741,,,,,,,,,,,,,,,,,,,,,,,,,,
1634615686.41189599,,,,,,,,50860481,0,1500,1500,1000,1500,0,0,0,0,0,0,0,0,0,0,0,0,,,,,,,,
1634615686.65001202,51100,0.0012210863642394543,0.0009739829692989588,-0.1228572353720665,0.00041809026151895523,0.000319549348205328,0.0002599885920062661,,,,,,,,,,,,,,,,,,,,,,,,,,
1634615686.65282393,,,,,,,,51100385,0,1500,1500,1000,1500,0,0,0,0,0,0,0,0,0,0,0,0,,,,,,,,
1634615686.91161585,51360,0.0012203085934743285,0.000981262419372797,-0.1228538304567337,0.000264954986050725,0.0002537599648348987,0.0002191132225561887,,,,,,,,,,,,,,,,,,,,,,,,,,
1634615686.91442800,,,,,,,,51360281,0,1500,1500,1000,1500,0,0,0,0,0,0,0,0,0,0,0,0,,,,,,,,
1634615687.15096402,51600,0.0012302715331315994,0.0009842851432040334,-0.12283691018819809,0.00031711478368379176,0.00019150605658069253,0.0003404035815037787,,,,,,,,,,,,,,,,,,,,,,,,,,
1634615687.15375996,,,,,,,,51600185,0,1500,1500,1000,1500,0,0,0,0,0,0,0,0,0,0,0,0,,,,,,,,
1634615687.41222382,51860,0.001229134271852672,0.0009887334890663624,-0.12282928824424744,0.0003368559991940856,0.0002972905640490353,0.000250628509093076,,,,,,,,,,,,,,,,,,,,,,,,,,
1634615687.41552782,,,,,,,,51860914,0,1500,1500,1000,1500,0,0,0,0,0,0,0,0,0,0,0,0,,,,,,,,
1634615687.64976788,52100,0.0012314688647165895,0.000989335123449564,-0.12282178550958633,0.0003017681010533124,0.0001934776664711535,0.0002758759364951402,,,,,,,,,,,,,,,,,,,,,,,,,,
1634615687.65267181,,,,,,,,52100818,0,1500,1500,1000,1500,0,0,0,0,0,0,0,0,0,0,0,0,,,,,,,,
1634615687.91442394,52360,0.0012341554975137115,0.0009912397945299745,-0.12281255424022675,0.000341991544701159,0.00031026615761220455,0.0002904916473198682,,,,,,,,,,,,,,,,,,,,,,,,,,
1634615687.91746783,,,,,,,,52360714,0,1500,1500,1000,1500,0,0,0,0,0,0,0,0,0,0,0,0,,,,,,,,
1634615688.15392399,52600,0.001241068122908473,0.0009926131460815668,-0.12279893457889557,0.00031695005600340664,0.00023844314273446798,0.0003315356734674424,,,,,,,,,,,,,,,,,,,,,,,,,,
1634615688.15872383,,,,,,,,52600618,0,1500,1500,1000,1500,0,0,0,0,0,0,0,0,0,0,0,0,,,,,,,,
1634615688.41113591,52860,0.001248441287316382,0.0009981072507798672,-0.12278328090906143,0.00041090717422775924,0.0002206028439104557,0.0003040586307179183,,,,,,,,,,,,,,,,,,,,,,,,,,
1634615688.41375589,,,,,,,,52860514,0,1500,1500,1000,1500,0,0,0,0,0,0,0,0,0,0,0,0,,,,,,,,
1634615688.65039587,53100,0.0012476806296035647,0.0009954054839909077,-0.12276454269886017,0.00031191238667815924,0.0002424122067168355,0.0003344921860843897,,,,,,,,,,,,,,,,,,,,,,,,,,
1634615688.65322399,,,,,,,,53100418,0,1500,1500,1000,1500,0,0,0,0,0,0,0,0,0,0,0,0,,,,,,,,
1634615688.91335583,53360,0.001251131179742515,0.0009978191228583455,-0.12274898588657379,0.00033303091186098754,0.00019833387341350317,0.00033883421565406024,,,,,,,,,,,,,,,,,,,,,,,,,,
1634615688.91655993,,,,,,,,53360314,0,1500,1500,1000,1500,0,0,0,0,0,0,0,0,0,0,0,0,,,,,,,,
1634615689.15341187,53600,0.0012544376077130437,0.0009960164315998554,-0.12274184823036194,0.00043561888742260635,0.00028487120289355516,0.0002879811800085008,,,,,,,,,,,,,,,,,,,,,,,,,,
1634615689.15627193,,,,,,,,53600218,0,1500,1500,1000,1500,0,0,0,0,0,0,0,0,0,0,0,0,,,,,,,,
1634615689.41166782,53860,0.0012577851302921772,0.0009944993071258068,-0.12272670865058899,0.0003053962718695402,0.0002951143542304635,0.000333663250785321,,,,,,,,,,,,,,,,,,,,,,,,,,
1634615689.41509986,,,,,,,,53860947,0,1500,1500,1000,1500,0,0,0,0,0,0,0,0,0,0,0,0,,,,,,,,
1634615689.64987588,54100,0.0012617947068065405,0.0009973944397643209,-0.12271300703287125,0.00026766720111481845,0.0002459394745528698,0.0003497325233183801,,,,,,,,,,,,,,,,,,,,,,,,,,
1634615689.65301991,,,,,,,,54100851,0,1500,1500,1000,1500,0,0,0,0,0,0,0,0,0,0,0,0,,,,,,,,
1634615689.91299582,54360,0.0012662425870075822,0.0010011749109253287,-0.12269645184278488,0.00035634281812235713,0.0002693524584174156,0.0003496663994155824,,,,,,,,,,,,,,,,,,,,,,,,,,
1634615689.91588402,,,,,,,,54360747,0,1500,1500,1000,1500,0,0,0,0,0,0,0,0,0,0,0,0,,,,,,,,
1634615690.15391588,54600,0.0012717463541775942,0.0010045658564195037,-0.1226850301027298,0.00028713056235574186,0.0004061326617375016,0.00030829489696770906,,,,,,,,,,,,,,,,,,,,,,,,,,
1634615690.15714383,,,,,,,,54600651,0,1500,1500,1000,1500,0,0,0,0,0,0,0,0,0,0,0,0,,,,,,,,
1634615690.41443586,54860,0.001274047652259469,0.0010067176772281528,-0.12267804145812988,0.00023509410675615072,0.0002720194752328098,0.0002999145654030144,,,,,,,,,,,,,,,,,,,,,,,,,,
1634615690.41734004,,,,,,,,54860547,0,1500,1500,1000,1500,0,0,0,0,0,0,0,0,0,0,0,0,,,,,,,,
1634615690.65121198,55100,0.0012752447510138154,0.001006611972115934,-0.12266243994235992,0.0003926485078409314,0.0002678768360055983,0.0003556369338184595,,,,,,,,,,,,,,,,,,,,,,,,,,
1634615690.65420389,,,,,,,,55100451,0,1500,1500,1000,1500,0,0,0,0,0,0,0,0,0,0,0,0,,,,,,,,
1634615690.91281199,55360,0.0012766949366778135,0.001009568921290338,-0.12264525890350342,0.00033993052784353495,0.00031838048016652465,0.0003461454180069268,,,,,,,,,,,,,,,,,,,,,,,,,,
1634615690.91580391,,,,,,,,55360347,0,1500,1500,1000,1500,0,0,0,0,0,0,0,0,0,0,0,0,,,,,,,,
1634615691.15382385,55600,0.0012780666584149003,0.001015415764413774,-0.12263728678226471,0.00030813016928732395,0.0002554330858401954,0.00032679777359589934,,,,,,,,,,,,,,,,,,,,,,,,,,
1634615691.15674400,,,,,,,,55600251,0,1500,1500,1000,1500,0,0,0,0,0,0,0,0,0,0,0,0,,,,,,,,
1634615691.41260386,55860,0.0012765316059812903,0.001015999587252736,-0.12262681126594543,0.000279781233984977,0.00027463678270578384,0.0003288259613327682,,,,,,,,,,,,,,,,,,,,,,,,,,
1634615691.41574001,,,,,,,,55860147,0,1500,1500,1000,1500,0,0,0,0,0,0,0,0,0,0,0,0,,,,,,,,
1634615691.65483189,56100,0.0012829818297177553,0.001012480235658586,-0.1226128563284874,0.0003155584563501179,0.0001934335450641811,0.0003092770930379629,,,,,,,,,,,,,,,,,,,,,,,,,,
1634615691.65767193,,,,,,,,56100884,0,1500,1500,1000,1500,0,0,0,0,0,0,0,0,0,0,0,0,,,,,,,,
1634615691.91321182,56360,0.0012864542659372091,0.0010146289132535458,-0.12260128557682037,0.0003176822792738676,0.0002650510286912322,0.00021583528723567724,,,,,,,,,,,,,,,,,,,,,,,,,,
1634615691.91679597,,,,,,,,56360780,0,1500,1500,1000,1500,0,0,0,0,0,0,0,0,0,0,0,0,,,,,,,,
1634615692.15372396,56600,0.0012813820503652096,0.001025321544148028,-0.1225881427526474,0.0002159643336199224,0.0002201952738687396,0.00031964899972081184,,,,,,,,,,,,,,,,,,,,,,,,,,
1634615692.15855193,,,,,,,,56600684,0,1500,1500,1000,1500,0,0,0,0,0,0,0,0,0,0,0,0,,,,,,,,
1634615692.41387987,56860,0.0012848168844357133,0.0010276029352098703,-0.12256986647844315,0.0002473829663358629,0.00030722207156941295,0.0002974837552756071,,,,,,,,,,,,,,,,,,,,,,,,,,
1634615692.41667986,,,,,,,,56860580,0,1500,1500,1000,1500,0,0,0,0,0,0,0,0,0,0,0,0,,,,,,,,
1634615692.65452790,57100,0.0012865840690210462,0.0010324973845854402,-0.12255282700061798,0.00031889387173578143,0.00033858936512842774,0.00029706687200814486,,,,,,,,,,,,,,,,,,,,,,,,,,
1634615692.65921187,,,,,,,,57100484,0,1500,1500,1000,1500,0,0,0,0,0,0,0,0,0,0,0,0,,,,,,,,
1634615692.91297197,57360,0.0012897492852061987,0.0010350784286856651,-0.12253502011299133,0.00031193962786346674,0.00037286372389644384,0.0003122696653008461,,,,,,,,,,,,,,,,,,,,,,,,,,
1634615692.91580796,,,,,,,,57360380,0,1500,1500,1000,1500,0,0,0,0,0,0,0,0,0,0,0,0,,,,,,,,
1634615693.15495992,57600,0.0012945757480338216,0.001032109372317791,-0.12252195924520493,0.00030875293305143714,0.00026383361546322703,0.00028860371094197035,,,,,,,,,,,,,,,,,,,,,,,,,,
1634615693.15763593,,,,,,,,57600284,0,1500,1500,1000,1500,0,0,0,0,0,0,0,0,0,0,0,0,,,,,,,,
1634615693.41113591,57860,0.001296977512538433,0.0010341124143451452,-0.1225019097328186,0.0002840359229594469,0.00020474434131756425,0.00035078247310593724,,,,,,,,,,,,,,,,,,,,,,,,,,
1634615693.41371202,,,,,,,,57860180,0,1500,1500,1000,1500,0,0,0,0,0,0,0,0,0,0,0,0,,,,,,,,
1634615693.65186381,58100,0.0012964715715497732,0.001034267246723175,-0.12248564511537552,0.00034370296634733677,0.0002471825573593378,0.0003546422813087702,,,,,,,,,,,,,,,,,,,,,,,,,,
1634615693.65437984,,,,,,,,58100917,0,1500,1500,1000,1500,0,0,0,0,0,0,0,0,0,0,0,0,,,,,,,,
1634615693.91281581,58360,0.0012979555176571012,0.0010387853253632784,-0.12247011810541153,0.00034341588616371155,0.0002509513287805021,0.0002651128452271223,,,,,,,,,,,,,,,,,,,,,,,,,,
1634615693.91614389,,,,,,,,58360813,0,1500,1500,1000,1500,0,0,0,0,0,0,0,0,0,0,0,0,,,,,,,,
1634615694.15134382,58600,0.001299679628573358,0.0010453513823449612,-0.12245151400566101,0.0003461092128418386,0.00032115232897922397,0.0002214080886915326,,,,,,,,,,,,,,,,,,,,,,,,,,
1634615694.15398383,,,,,,,,58600717,0,1500,1500,1000,1500,0,0,0,0,0,0,0,0,0,0,0,0,,,,,,,,
1634615694.41156793,58860,0.001304401783272624,0.0010514745954424143,-0.12243963778018951,0.0003018653951585293,0.00032803171779960394,0.00029859342612326145,,,,,,,,,,,,,,,,,,,,,,,,,,
1634615694.41419983,,,,,,,,58860613,0,1500,1500,1000,1500,0,0,0,0,0,0,0,0,0,0,0,0,,,,,,,,
1634615694.64985204,59100,0.0013064806116744876,0.0010529350256547332,-0.12241879105567932,0.00029653357341885567,0.0003024221514351666,0.00042697234312072396,,,,,,,,,,,,,,,,,,,,,,,,,,
1634615694.65257192,,,,,,,,59100517,0,1500,1500,1000,1500,0,0,0,0,0,0,0,0,0,0,0,0,,,,,,,,
1634615694.91317201,59360,0.0013126200065016747,0.0010596071369946003,-0.12239689379930496,0.00030264805536717176,0.00028411817038431764,0.00033911113860085607,,,,,,,,,,,,,,,,,,,,,,,,,,
1634615694.91619992,,,,,,,,59360413,0,1500,1500,1000,1500,0,0,0,0,0,0,0,0,0,0,0,0,,,,,,,,
1634615695.15321589,59600,0.0013154941843822598,0.0010677371174097061,-0.12238198518753052,0.0003651909646578133,0.00019494089065119624,0.0002947970060631633,,,,,,,,,,,,,,,,,,,,,,,,,,
1634615695.15597200,,,,,,,,59600317,0,1500,1500,1000,1500,0,0,0,0,0,0,0,0,0,0,0,0,,,,,,,,
1634615695.41048789,59860,0.0013150623999536037,0.0010679209372028708,-0.12236270308494568,0.00031895452411845326,0.00026296800933778286,0.0003377005341462791,,,,,,,,,,,,,,,,,,,,,,,,,,
1634615695.41325593,,,,,,,,59860213,0,1500,1500,1000,1500,0,0,0,0,0,0,0,0,0,0,0,0,,,,,,,,
1634615695.65119195,60100,0.0013138126814737916,0.0010708129266276956,-0.12234596908092499,0.00028241885593160987,0.0002625540364533663,0.0002917723613791168,,,,,,,,,,,,,,,,,,,,,,,,,,
1634615695.65378404,,,,,,,,60100950,0,1500,1500,1000,1500,0,0,0,0,0,0,0,0,0,0,0,0,,,,,,,,
1634615695.91363192,60360,0.0013164979172870517,0.0010755781549960375,-0.1223246231675148,0.00032729492522776127,0.00020474579650908709,0.00039089389611035585,,,,,,,,,,,,,,,,,,,,,,,,,,
1634615695.91646791,,,,,,,,60360846,0,1500,1500,1000,1500,0,0,0,0,0,0,0,0,0,0,0,0,,,,,,,,
1634615696.15372396,60600,0.001326005207374692,0.0010807504877448082,-0.12230304628610611,0.0003595449379645288,0.0002947563771158457,0.00040814164094626904,,,,,,,,,,,,,,,,,,,,,,,,,,
1634615696.15735602,,,,,,,,60600750,0,1500,1500,1000,1500,0,0,0,0,0,0,0,0,0,0,0,0,,,,,,,,
1634615696.41427994,60860,0.0013302807928994298,0.0010833347914740443,-0.12228783965110779,0.0002881509135477245,0.0001701028668321669,0.0003510023816488683,,,,,,,,,,,,,,,,,,,,,,,,,,
1634615696.41604400,,,,,,,,60860646,0,1500,1500,1000,1500,0,0,0,0,0,0,0,0,0,0,0,0,,,,,,,,
1634615696.65491199,61100,0.0013327638152986765,0.0010818965965881944,-0.1222730278968811,0.0003204501699656248,0.00020487717119976878,0.00033461424754932523,,,,,,,,,,,,,,,,,,,,,,,,,,
1634615696.65799594,,,,,,,,61100550,0,1500,1500,1000,1500,0,0,0,0,0,0,0,0,0,0,0,0,,,,,,,,
1634615696.90994000,61360,0.0013353476533666253,0.0010853371350094676,-0.12225338816642761,0.000299184990581125,0.00032497866777703166,0.0003638099296949804,,,,,,,,,,,,,,,,,,,,,,,,,,
1634615696.91327596,,,,,,,,61360446,0,1500,1500,1000,1500,0,0,0,0,0,0,0,0,0,0,0,0,,,,,,,,
1634615697.15515995,61600,0.001345051801763475,0.0010856232838705182,-0.1222350224852562,0.00041805009823292494,0.0002725091762840748,0.0003273405600339174,,,,,,,,,,,,,,,,,,,,,,,,,,
1634615697.15851998,,,,,,,,61600350,0,1500,1500,1000,1500,0,0,0,0,0,0,0,0,0,0,0,0,,,,,,,,
1634615697.41133189,61860,0.0013485248200595379,0.001087477314285934,-0.12221542745828629,0.000332629366312176,0.000251333462074399,0.0004280101857148111,,,,,,,,,,,,,,,,,,,,,,,,,,
1634615697.41446781,,,,,,,,61860246,0,1500,1500,1000,1500,0,0,0,0,0,0,0,0,0,0,0,0,,,,,,,,
1634615697.65311193,62100,0.0013491739518940449,0.0010877096792683005,-0.12219589203596115,0.0003478941507637501,0.0002494758227840066,0.0004180655814707279,,,,,,,,,,,,,,,,,,,,,,,,,,
1634615697.65930796,,,,,,,,62100150,0,1500,1500,1000,1500,0,0,0,0,0,0,0,0,0,0,0,0,,,,,,,,
1634615697.91530395,62360,0.0013492932775989175,0.0010887833777815104,-0.12217537313699722,0.00028657366055995226,0.0002217931905761361,0.00031395291443914175,,,,,,,,,,,,,,,,,,,,,,,,,,
1634615697.91822791,,,,,,,,62360879,0,1500,1500,1000,1500,0,0,0,0,0,0,0,0,0,0,0,0,,,,,,,,
1634615698.15621185,62600,0.0013551261508837342,0.0010954859899356961,-0.12215882539749146,0.00033068686025217175,0.0002626357600092888,0.00036194949643686414,,,,,,,,,,,,,,,,,,,,,,,,,,
1634615698.15930796,,,,,,,,62600783,0,1500,1500,1000,1500,0,0,0,0,0,0,0,0,0,0,0,0,,,,,,,,
1634615698.41355181,62860,0.0013561217347159982,0.001097657484933734,-0.12214023619890213,0.0003030013758689165,0.00025061151245608926,0.0003029616200365126,,,,,,,,,,,,,,,,,,,,,,,,,,
1634615698.41631198,,,,,,,,62860679,0,1500,1500,1000,1500,0,0,0,0,0,0,0,0,0,0,0,0,,,,,,,,
1634615698.65430403,63100,0.001356830121949315,0.0010938058840110898,-0.12211868166923523,0.0002995354006998241,0.00017761113122105598,0.0003505842760205269,,,,,,,,,,,,,,,,,,,,,,,,,,
1634615698.65737987,,,,,,,,63100583,0,1500,1500,1000,1500,0,0,0,0,0,0,0,0,0,0,0,0,,,,,,,,
1634615698.91019988,63360,0.0013624482089653611,0.001098589738830924,-0.12208914756774902,0.00030999351292848587,0.00029840838396921754,0.0003459947183728218,,,,,,,,,,,,,,,,,,,,,,,,,,
1634615698.91298389,,,,,,,,63360479,0,1500,1500,1000,1500,0,0,0,0,0,0,0,0,0,0,0,0,,,,,,,,
1634615699.15058398,63600,0.0013650273904204369,0.0011028576409444213,-0.12207090109586716,0.00034094275906682014,0.00027459522243589163,0.0003601341159082949,,,,,,,,,,,,,,,,,,,,,,,,,,
1634615699.15339184,,,,,,,,63600383,0,1500,1500,1000,1500,0,0,0,0,0,0,0,0,0,0,0,0,,,,,,,,
1634615699.41483998,63860,0.0013682732824236155,0.0011086955200880766,-0.12204726785421371,0.00031010573729872704,0.000302462896797806,0.0002960439305752516,,,,,,,,,,,,,,,,,,,,,,,,,,
1634615699.41750002,,,,,,,,63860279,0,1500,1500,1000,1500,0,0,0,0,0,0,0,0,0,0,0,0,,,,,,,,
1634615699.65475583,64100,0.0013681703712791204,0.001113238395191729,-0.12202730774879456,0.0003822239814326167,0.00023294554557651281,0.0003681784146465361,,,,,,,,,,,,,,,,,,,,,,,,,,
1634615699.65752387,,,,,,,,64100183,0,1500,1500,1000,1500,0,0,0,0,0,0,0,0,0,0,0,0,,,,,,,,
1634615699.91071987,64360,0.0013706363970413804,0.0011172922095283866,-0.12200542539358139,0.0003898443537764251,0.0003270629676990211,0.00035874248715117574,,,,,,,,,,,,,,,,,,,,,,,,,,
1634615699.91357589,,,,,,,,64360912,0,1500,1500,1000,1500,0,0,0,0,0,0,0,0,0,0,0,0,,,,,,,,
1634615700.15154004,64600,0.0013714897213503718,0.0011202233145013452,-0.1219879761338234,0.0003487348440103233,0.00035932211903855205,0.0003194478340446949,,,,,,,,,,,,,,,,,,,,,,,,,,
1634615700.15472388,,,,,,,,64600816,0,1500,1500,1000,1500,0,0,0,0,0,0,0,0,0,0,0,0,,,,,,,,
1634615700.41462803,64860,0.0013700370909646153,0.0011234943522140384,-0.12196478992700577,0.00025140494108200073,0.0003207311383448541,0.0003659482463262975,,,,,,,,,,,,,,,,,,,,,,,,,,
1634615700.41767192,,,,,,,,64860712,0,1500,1500,1000,1500,0,0,0,0,0,0,0,0,0,0,0,0,,,,,,,,
1634615700.65031600,65100,0.001377164968289435,0.001127850147895515,-0.12193839251995087,0.0003345830482430756,0.000296418322250247,0.00042230787221342325,,,,,,,,,,,,,,,,,,,,,,,,,,
1634615700.65312791,,,,,,,,65100616,0,1500,1500,1000,1500,0,0,0,0,0,0,0,0,0,0,0,0,,,,,,,,
1634615700.91193986,65360,0.0013781628804281354,0.0011328188702464104,-0.12191352248191833,0.0003114904393441975,0.0002762171206995845,0.000338667887263,,,,,,,,,,,,,,,,,,,,,,,,,,
1634615700.91571999,,,,,,,,65360512,0,1500,1500,1000,1500,0,0,0,0,0,0,0,0,0,0,0,0,,,,,,,,
1634615701.15376401,65600,0.0013828659430146217,0.0011416232446208596,-0.12188976258039474,0.00033825694117695093,0.00033968855859711766,0.0003360245027579367,,,,,,,,,,,,,,,,,,,,,,,,,,
1634615701.15683985,,,,,,,,65600416,0,1500,1500,1000,1500,0,0,0,0,0,0,0,0,0,0,0,0,,,,,,,,
1634615701.41139984,65860,0.0013846183428540826,0.0011397850466892123,-0.12186046689748764,0.00027339591179043055,0.0003049086080864072,0.00036268524127081037,,,,,,,,,,,,,,,,,,,,,,,,,,
1634615701.41435599,,,,,,,,65860312,0,1500,1500,1000,1500,0,0,0,0,0,0,0,0,0,0,0,0,,,,,,,,
1634615701.65007186,66100,0.00138064194470644,0.0011420949595049024,-0.12183035165071487,0.00030457298271358013,0.00024235161254182458,0.00038714363472536206,,,,,,,,,,,,,,,,,,,,,,,,,,
1634615701.65332389,,,,,,,,66100216,0,1500,1500,1000,1500,0,0,0,0,0,0,0,0,0,0,0,0,,,,,,,,
1634615701.91561198,66360,0.001384015311487019,0.0011441861279308796,-0.12180677801370621,0.0003525110660120845,0.0003199323546141386,0.00037213368341326714,,,,,,,,,,,,,,,,,,,,,,,,,,
1634615701.91843581,,,,,,,,66360945,0,1500,1500,1000,1500,0,0,0,0,0,0,0,0,0,0,0,0,,,,,,,,
1634615702.15344000,66600,0.0013864579377695918,0.001146998256444931,-0.12178082764148712,0.0003441686858423054,0.00031336856773123145,0.0003534270799718797,,,,,,,,,,,,,,,,,,,,,,,,,,
1634615702.15905595,,,,,,,,66600849,0,1500,1500,1000,1500,0,0,0,0,0,0,0,0,0,0,0,0,,,,,,,,
1634615702.41547990,66860,0.0013853051932528615,0.0011519759427756071,-0.12175307422876358,0.00029927492141723633,0.00036773731699213386,0.0003833731752820313,,,,,,,,,,,,,,,,,,,,,,,,,,
1634615702.41864800,,,,,,,,66860745,0,1500,1500,1000,1500,0,0,0,0,0,0,0,0,0,0,0,0,,,,,,,,
1634615702.65390396,67100,0.0013836148427799344,0.0011521971318870783,-0.12173187732696533,0.0003150362754240632,0.00021909346105530858,0.00033543427707627416,,,,,,,,,,,,,,,,,,,,,,,,,,
1634615702.65801191,,,,,,,,67100649,0,1500,1500,1000,1500,0,0,0,0,0,0,0,0,0,0,0,0,,,,,,,,
1634615702.91469193,67360,0.0013801094610244036,0.001150881522335112,-0.12170470505952835,0.000302390952128917,0.00023248873185366392,0.00044033536687493324,,,,,,,,,,,,,,,,,,,,,,,,,,
1634615702.91760802,,,,,,,,67360545,0,1500,1500,1000,1500,0,0,0,0,0,0,0,0,0,0,0,0,,,,,,,,
1634615703.15521193,67600,0.001381473965011537,0.0011540198465809226,-0.12168439477682114,0.00036036036908626556,0.00029421347426250577,0.00036593072582036257,,,,,,,,,,,,,,,,,,,,,,,,,,
1634615703.15793204,,,,,,,,67600449,0,1500,1500,1000,1500,0,0,0,0,0,0,0,0,0,0,0,0,,,,,,,,
1634615703.41370392,67860,0.0013815012061968446,0.0011607594788074493,-0.12165581434965134,0.0003199607599526644,0.0002648102235980332,0.0003770370385609567,,,,,,,,,,,,,,,,,,,,,,,,,,
1634615703.41795588,,,,,,,,67860345,0,1500,1500,1000,1500,0,0,0,0,0,0,0,0,0,0,0,0,,,,,,,,
1634615703.65271997,68100,0.0013891743728891015,0.001157088903710246,-0.12162750214338303,0.000306987261865288,0.0002830301527865231,0.00032229325734078884,,,,,,,,,,,,,,,,,,,,,,,,,,
1634615703.65541983,,,,,,,,68100249,0,1500,1500,1000,1500,0,0,0,0,0,0,0,0,0,0,0,0,,,,,,,,
1634615703.91279602,68360,0.0013886705273762345,0.001155502744950354,-0.12159934639930725,0.0002667164080776274,0.00024953996762633324,0.0004324435140006244,,,,,,,,,,,,,,,,,,,,,,,,,,
1634615703.91576385,,,,,,,,68360145,0,1500,1500,1000,1500,0,0,0,0,0,0,0,0,0,0,0,0,,,,,,,,
1634615704.15267181,68600,0.00139036332257092,0.0011596573749557137,-0.12156899273395538,0.0003339558024890721,0.0003160581109113991,0.00043842120794579387,,,,,,,,,,,,,,,,,,,,,,,,,,
1634615704.15559196,,,,,,,,68600882,0,1500,1500,1000,1500,0,0,0,0,0,0,0,0,0,0,0,0,,,,,,,,
1634615704.41254401,68860,0.0013890073169022799,0.0011614859104156494,-0.1215420737862587,0.00032534421188756824,0.00031319353729486465,0.0004182140692137182,,,,,,,,,,,,,,,,,,,,,,,,,,
1634615704.41561604,,,,,,,,68860778,0,1500,1500,1000,1500,0,0,0,0,0,0,0,0,0,0,0,0,,,,,,,,
1634615704.65328383,69100,0.0013881501508876681,0.0011620899895206094,-0.1215125173330307,0.00032947323052212596,0.00019457499729469419,0.0004181830445304513,,,,,,,,,,,,,,,,,,,,,,,,,,
1634615704.65595984,,,,,,,,69100682,0,1500,1500,1000,1500,0,0,0,0,0,0,0,0,0,0,0,0,,,,,,,,
1634615704.91549182,69360,0.001391270780004561,0.001167340436950326,-0.12148292362689972,0.0002829330042004585,0.00032891338923946023,0.00034992629662156105,,,,,,,,,,,,,,,,,,,,,,,,,,
1634615704.91821194,,,,,,,,69360578,0,1500,1500,1000,1500,0,0,0,0,0,0,0,0,0,0,0,0,,,,,,,,
1634615705.15498781,69600,0.00139503157697618,0.001167907495982945,-0.12145861238241196,0.0003560418845154345,0.0003401364083401859,0.0003452604287303984,,,,,,,,,,,,,,,,,,,,,,,,,,
1634615705.15761185,,,,,,,,69600482,0,1500,1500,1000,1500,0,0,0,0,0,0,0,0,0,0,0,0,,,,,,,,
1634615705.41139603,69860,0.001399457803927362,0.0011696809669956565,-0.12142482399940491,0.00035079248482361436,0.0002798634232021868,0.0003809842746704817,,,,,,,,,,,,,,,,,,,,,,,,,,
1634615705.41459203,,,,,,,,69860378,0,1500,1500,1000,1500,0,0,0,0,0,0,0,0,0,0,0,0,,,,,,,,
1634615705.65375590,70100,0.001404972979798913,0.0011720411712303758,-0.12139836698770523,0.00036575394915416837,0.00035714724799618125,0.0004468141123652458,,,,,,,,,,,,,,,,,,,,,,,,,,
1634615705.65639186,,,,,,,,70100282,0,1500,1500,1000,1500,0,0,0,0,0,0,0,0,0,0,0,0,,,,,,,,
1634615705.91195583,70360,0.0014024724951013923,0.001178727368824184,-0.12136688083410263,0.00029218679992482066,0.0002867346629500389,0.0003548195818439126,,,,,,,,,,,,,,,,,,,,,,,,,,
1634615705.91494799,,,,,,,,70360178,0,1500,1500,1000,1500,0,0,0,0,0,0,0,0,0,0,0,0,,,,,,,,
1634615706.15283990,70600,0.0014045395655557513,0.0011791361030191183,-0.1213349923491478,0.0003169055562466383,0.00025326444301754236,0.0003963550552725792,,,,,,,,,,,,,,,,,,,,,,,,,,
1634615706.15573192,,,,,,,,70600915,0,1500,1500,1000,1500,0,0,0,0,0,0,0,0,0,0,0,0,,,,,,,,
1634615706.41547585,70860,0.001400277717038989,0.0011820204090327024,-0.12130893766880035,0.0003013904206454754,0.00031469325767830014,0.00036401604302227497,,,,,,,,,,,,,,,,,,,,,,,,,,
1634615706.41839194,,,,,,,,70860811,0,1500,1500,1000,1500,0,0,0,0,0,0,0,0,0,0,0,0,,,,,,,,
1634615706.65333986,71100,0.0014095546212047338,0.0011844354448840022,-0.1212775707244873,0.00036023976281285286,0.000285985239315778,0.0004597691004164517,,,,,,,,,,,,,,,,,,,,,,,,,,
1634615706.65600801,,,,,,,,71100715,0,1500,1500,1000,1500,0,0,0,0,0,0,0,0,0,0,0,0,,,,,,,,
1634615706.91168404,71360,0.0014144058804959059,0.0011920987162739038,-0.12124788761138916,0.00038640800630673766,0.0002217633300460875,0.00043105537770316005,,,,,,,,,,,,,,,,,,,,,,,,,,
1634615706.91446781,,,,,,,,71360611,0,1500,1500,1000,1500,0,0,0,0,0,0,0,0,0,0,0,0,,,,,,,,
1634615707.15105200,71600,0.001411209348589182,0.0011840017978101969,-0.12122209370136261,0.00033846241421997547,0.00021189101971685886,0.00047238642582669854,,,,,,,,,,,,,,,,,,,,,,,,,,
1634615707.15400791,,,,,,,,71600515,0,1500,1500,1000,1500,0,0,0,0,0,0,0,0,0,0,0,0,,,,,,,,
1634615707.41166401,71860,0.0014094647485762835,0.0011794611345976591,-0.12119125574827194,0.00036647618981078267,0.00015209539560601115,0.0005133950035087764,,,,,,,,,,,,,,,,,,,,,,,,,,
1634615707.41462803,,,,,,,,71860411,0,1500,1500,1000,1500,0,0,0,0,0,0,0,0,0,0,0,0,,,,,,,,
1634615707.65145183,72100,0.0014072951162233949,0.0011801046784967184,-0.12116488814353943,0.00041587691521272063,0.00026360695483163,0.00045894045615568757,,,,,,,,,,,,,,,,,,,,,,,,,,
1634615707.65401196,,,,,,,,72100315,0,1500,1500,1000,1500,0,0,0,0,0,0,0,0,0,0,0,0,,,,,,,,
1634615707.91216803,72360,0.0014052136102691293,0.001178298145532608,-0.12113739550113678,0.00027982547180727124,0.0002381998347118497,0.0004140069358982146,,,,,,,,,,,,,,,,,,,,,,,,,,
1634615707.91550803,,,,,,,,72360211,0,1500,1500,1000,1500,0,0,0,0,0,0,0,0,0,0,0,0,,,,,,,,
1634615708.15531993,72600,0.0014046469004824758,0.0011844522086903453,-0.12110326439142227,0.00032737787114456296,0.00031487271189689636,0.00046764215221628547,,,,,,,,,,,,,,,,,,,,,,,,,,
1634615708.15821981,,,,,,,,72600948,0,1500,1500,1000,1500,0,0,0,0,0,0,0,0,0,0,0,0,,,,,,,,
1634615708.41117597,72860,0.0014015468768775463,0.0011805150425061584,-0.12106799334287643,0.00031877931905910373,0.0002799963694997132,0.00047170097241178155,,,,,,,,,,,,,,,,,,,,,,,,,,
1634615708.41396403,,,,,,,,72860844,0,1500,1500,1000,1500,0,0,0,0,0,0,0,0,0,0,0,0,,,,,,,,
1634615708.65197182,73100,0.0014018547954037786,0.0011757781030610204,-0.12104294449090958,0.00034254160709679127,0.00023433868773281574,0.0004312307573854923,,,,,,,,,,,,,,,,,,,,,,,,,,
1634615708.65457582,,,,,,,,73100748,0,1500,1500,1000,1500,0,0,0,0,0,0,0,0,0,0,0,0,,,,,,,,
1634615708.91261601,73360,0.0014029355952516198,0.0011785763781517744,-0.12101539969444275,0.0002859057276509702,0.00027546152705326676,0.00044515542685985565,,,,,,,,,,,,,,,,,,,,,,,,,,
1634615708.91545200,,,,,,,,73360644,0,1500,1500,1000,1500,0,0,0,0,0,0,0,0,0,0,0,0,,,,,,,,
1634615709.15524387,73600,0.0014069844037294388,0.0011758159380406141,-0.12098146975040436,0.00042006809962913394,0.0002576065016910434,0.0004973661853000522,,,,,,,,,,,,,,,,,,,,,,,,,,
1634615709.15782785,,,,,,,,73600548,0,1500,1500,1000,1500,0,0,0,0,0,0,0,0,0,0,0,0,,,,,,,,
1634615709.41324401,73860,0.001410901197232306,0.0011691454565152526,-0.12094973772764206,0.00031191337620839477,0.00025812070816755295,0.00044607475865632296,,,,,,,,,,,,,,,,,,,,,,,,,,
1634615709.41595602,,,,,,,,73860444,0,1500,1500,1000,1500,0,0,0,0,0,0,0,0,0,0,0,0,,,,,,,,
1634615709.65410399,74100,0.001411269186064601,0.0011694013373926282,-0.12091895192861557,0.0004174967180006206,0.0003065252094529569,0.00041491829324513674,,,,,,,,,,,,,,,,,,,,,,,,,,
1634615709.65703583,,,,,,,,74100348,0,1500,1500,1000,1500,0,0,0,0,0,0,0,0,0,0,0,0,,,,,,,,
1634615709.91231203,74360,0.0014110640622675419,0.0011700480245053768,-0.12089124321937561,0.0003434834652580321,0.00023709808010607958,0.00043071690015494823,,,,,,,,,,,,,,,,,,,,,,,,,,
1634615709.91526794,,,,,,,,74360244,0,1500,1500,1000,1500,0,0,0,0,0,0,0,0,0,0,0,0,,,,,,,,
1634615710.15325189,74600,0.0014161820290610194,0.00116998131852597,-0.12086620926856995,0.00033239880576729774,0.00029801944037899375,0.00038203573785722256,,,,,,,,,,,,,,,,,,,,,,,,,,
1634615710.15628386,,,,,,,,74600148,0,1500,1500,1000,1500,0,0,0,0,0,0,0,0,0,0,0,0,,,,,,,,
1634615710.41617584,74860,0.0014136428944766521,0.0011685483623296022,-0.12083446234464645,0.00032693229150027037,0.00026351306587457657,0.0004296643892303109,,,,,,,,,,,,,,,,,,,,,,,,,,
1634615710.41915584,,,,,,,,74860877,0,1500,1500,1000,1500,0,0,0,0,0,0,0,0,0,0,0,0,,,,,,,,
1634615710.65209985,75100,0.001413866295479238,0.0011723757488653064,-0.12080325931310654,0.0003496144781820476,0.000289655989035964,0.0004366830689832568,,,,,,,,,,,,,,,,,,,,,,,,,,
1634615710.65477204,,,,,,,,75100781,0,1500,1500,1000,1500,0,0,0,0,0,0,0,0,0,0,0,0,,,,,,,,
1634615710.91281199,75360,0.001416196464560926,0.0011739059118553996,-0.12077291309833527,0.00029278069268912077,0.00033636181615293026,0.0005025502759963274,,,,,,,,,,,,,,,,,,,,,,,,,,
1634615710.91585994,,,,,,,,75360677,0,1500,1500,1000,1500,0,0,0,0,0,0,0,0,0,0,0,0,,,,,,,,
1634615711.15375996,75600,0.0014184917090460658,0.0011749396799132228,-0.12073598057031631,0.00033636571606621146,0.00022977188928052783,0.00043642474338412285,,,,,,,,,,,,,,,,,,,,,,,,,,
1634615711.15672398,,,,,,,,75600581,0,1500,1500,1000,1500,0,0,0,0,0,0,0,0,0,0,0,0,,,,,,,,
1634615711.41193604,75860,0.0014157455880194902,0.0011751075508072972,-0.1206994280219078,0.00045797612983733416,0.00029749341774731874,0.0004220807459205389,,,,,,,,,,,,,,,,,,,,,,,,,,
1634615711.41509604,,,,,,,,75860477,0,1500,1500,1000,1500,0,0,0,0,0,0,0,0,0,0,0,0,,,,,,,,
1634615711.65349603,76100,0.0014191310619935393,0.001172941061668098,-0.12066961079835892,0.00036390277091413736,0.0003509063390083611,0.00043728388845920563,,,,,,,,,,,,,,,,,,,,,,,,,,
1634615711.65619993,,,,,,,,76100381,0,1500,1500,1000,1500,0,0,0,0,0,0,0,0,0,0,0,0,,,,,,,,
1634615711.91480398,76360,0.0014144869055598974,0.0011743750656023622,-0.12063364684581757,0.00042190408566966653,0.00028420856688171625,0.0004548470606096089,,,,,,,,,,,,,,,,,,,,,,,,,,
1634615711.91775203,,,,,,,,76360277,0,1500,1500,1000,1500,0,0,0,0,0,0,0,0,0,0,0,0,,,,,,,,
